pdb_posins,pdb_chain,pdb_res,top_res,pdb_pos,perplexity,assumed_region,A,C,D,E,F,G,H,I,K,L,M,N,P,Q,R,S,T,V,W,Y
1,H,E,M,1,1.7173,FWH1,-4.8973,-7.0452,-5.3114,-5.3837,-6.5834,-3.9551,-6.2460,-5.9327,-5.7279,-5.7363,-0.0948,-5.9136,-4.6969,-5.7489,-5.5461,-4.6545,-5.3271,-5.0638,-7.3944,-7.1804
2,H,V,V,2,1.0723,FWH1,-7.1877,-10.2818,-10.5863,-5.9758,-10.8271,-10.2831,-10.6993,-5.8314,-8.9196,-7.7312,-6.9720,-9.3917,-10.2772,-7.1513,-8.7893,-10.7611,-8.5705,-0.0092,-10.7807,-10.7922
3,H,Q,Q,3,1.3952,FWH1,-7.5241,-10.2507,-8.5829,-5.4852,-8.9393,-9.3997,-5.9377,-8.7567,-3.4641,-5.7850,-7.2913,-6.9371,-13.2217,-0.0635,-4.5814,-8.2250,-6.7770,-5.1553,-10.4786,-9.2268
4,H,L,L,4,1.0030,FWH1,-12.1404,-10.9200,-17.5083,-13.6288,-10.1401,-12.8137,-14.2983,-12.2661,-13.9546,-0.0003,-8.7761,-14.4118,-15.6038,-12.0650,-13.2283,-15.1100,-15.7360,-10.0773,-12.8820,-13.2262
5,H,V,V,5,1.4098,FWH1,-8.5417,-13.9835,-11.7842,-9.3463,-10.2432,-12.7982,-11.8667,-7.1477,-10.2506,-2.3208,-7.1757,-11.8976,-19.5860,-7.6091,-10.1207,-11.2891,-9.2013,-0.1062,-11.8133,-12.2100
6,H,E,E,6,1.0220,FWH1,-10.5947,-13.3488,-8.5970,-0.0030,-17.8784,-10.2937,-13.2458,-16.0853,-12.3067,-13.6052,-14.0336,-12.6105,-12.4860,-5.9020,-13.7639,-12.8317,-12.9381,-11.6613,-16.9513,-17.2801
7,H,S,S,7,1.0053,FWH1,-8.9933,-12.9755,-13.2801,-13.3338,-11.0122,-9.3220,-13.0928,-15.1360,-12.3776,-12.2262,-12.8386,-12.1054,-17.3601,-12.0769,-9.5200,-0.0005,-8.7106,-14.4896,-13.6770,-12.0842
8,H,G,G,8,1.0034,FWH1,-10.9369,-14.2648,-10.4073,-8.7469,-14.7180,-0.0003,-14.1542,-14.8987,-11.3855,-12.5161,-15.2997,-12.9590,-16.8966,-11.5362,-9.5758,-12.7173,-14.6875,-12.3182,-14.3685,-14.4530
9,H,G,G,9,1.0000,FWH1,-15.7302,-18.9294,-16.6403,-16.3215,-19.6139,-0.0000,-21.9386,-20.5252,-18.6323,-16.9245,-22.2817,-20.7632,-18.3780,-19.5450,-13.7394,-16.3788,-18.8467,-17.4212,-19.0196,-21.3727
11,H,G,G,11,1.0006,FWH1,-13.4950,-15.8540,-11.1292,-12.5799,-14.9128,-0.0001,-16.5823,-15.7229,-14.6548,-12.6015,-16.4035,-15.3045,-16.7003,-14.6808,-10.8295,-12.8572,-14.4653,-12.7688,-15.3740,-16.3116
12,H,L,L,12,1.2045,FWH1,-8.3470,-11.8589,-10.7432,-9.7311,-6.3995,-11.2296,-10.3614,-8.4053,-10.1038,-0.0399,-7.6124,-11.7091,-7.6548,-8.9272,-8.4224,-9.7587,-9.1744,-3.3479,-9.2437,-9.3308
13,H,V,V,13,1.3183,FWH1,-7.4075,-11.0853,-11.8404,-7.5095,-11.0361,-11.8447,-12.4552,-2.9782,-7.6591,-5.4059,-7.4000,-11.2437,-12.8692,-8.8336,-8.1302,-9.1847,-5.7207,-0.0635,-13.6183,-12.5255
14,H,Q,Q,14,2.1707,FWH1,-7.3368,-12.6848,-13.0411,-6.4040,-12.2763,-12.5882,-7.4694,-10.7853,-1.3129,-9.0682,-8.6118,-9.1660,-8.1648,-0.3762,-3.2298,-8.5132,-6.9738,-8.6645,-12.6143,-11.5982
15,H,P,P,15,1.0013,FWH1,-9.6396,-16.1627,-16.0250,-13.6456,-16.4846,-13.9621,-16.3736,-16.1016,-15.6903,-11.5336,-15.8594,-17.4618,-0.0001,-13.5807,-13.3542,-10.8040,-12.0943,-12.2587,-17.6294,-17.5421
16,H,G,G,16,1.0544,FWH1,-8.5210,-13.7416,-9.1670,-6.9329,-13.7645,-0.0072,-10.9344,-15.2286,-5.6549,-10.5193,-11.9053,-10.8472,-14.4592,-9.2840,-6.2055,-8.9447,-9.7224,-11.1573,-10.1087,-13.5616
17,H,G,G,17,1.0053,FWH1,-12.4738,-16.4119,-15.7733,-12.9418,-18.4537,-0.0006,-14.5772,-17.2564,-10.6207,-15.6183,-15.9941,-14.3940,-18.3677,-12.9466,-7.4728,-13.7235,-15.0783,-15.6520,-17.0111,-18.3363
18,H,S,S,18,1.0144,FWH1,-7.6569,-12.3478,-12.3433,-11.0900,-10.2308,-8.0251,-12.2386,-17.5922,-10.8427,-11.1695,-11.9273,-12.5964,-13.2123,-10.1188,-7.9381,-0.0016,-8.3466,-16.1753,-12.1077,-14.0281
19,H,L,L,19,1.1129,FWH1,-11.0497,-14.4749,-14.1547,-10.8201,-12.3775,-13.6993,-11.5236,-11.2535,-8.7524,-0.0213,-7.6745,-12.1882,-13.1633,-8.8846,-3.9040,-10.7664,-12.2909,-11.2991,-13.6458,-13.6704
20,H,K,R,20,1.0628,FWH1,-9.8244,-11.8363,-11.2815,-9.3934,-11.1761,-11.2265,-9.8254,-10.8141,-5.1031,-9.1291,-10.3252,-10.5160,-14.4845,-8.3804,-0.0089,-7.3637,-6.6288,-8.9689,-10.7020,-11.4685
21,H,L,L,21,1.0010,FWH1,-15.4458,-18.4863,-21.2658,-19.9367,-11.0118,-19.5504,-17.2556,-10.2037,-17.8313,-0.0001,-10.6876,-17.8373,-18.2300,-15.6451,-17.1346,-15.8726,-18.3655,-11.7741,-16.0490,-16.4997
22,H,S,S,22,1.0479,FWH1,-8.2060,-12.0812,-10.6427,-9.5713,-11.8197,-10.6188,-13.6436,-9.5126,-10.3795,-10.6798,-10.7126,-10.5901,-12.3242,-9.8701,-11.0521,-0.0072,-5.0710,-8.5289,-14.1113,-13.0741
23,H,C,C,23,1.0002,FWH1,-11.3713,-0.0000,-16.2527,-16.9713,-19.6276,-14.2635,-19.4185,-16.5688,-20.4472,-18.7535,-18.9414,-17.2324,-21.6499,-18.6608,-18.1705,-14.3553,-13.8279,-13.8580,-16.2517,-20.1530
24,H,A,A,24,1.1546,FWH1,-0.0225,-12.3877,-10.0078,-6.9301,-9.7096,-6.4258,-10.2695,-9.3849,-7.3702,-6.4803,-9.4666,-10.6987,-10.9418,-8.3587,-9.6530,-5.2770,-6.3992,-4.6002,-11.7274,-11.4625
25,H,A,A,25,1.1726,FWH1,-0.0355,-10.7893,-13.3407,-13.6404,-13.8514,-8.0156,-18.6229,-14.4479,-16.1436,-12.5103,-11.5520,-12.8692,-13.7900,-16.2433,-12.5465,-6.6655,-3.4048,-10.7309,-16.3929,-17.5883
26,H,S,S,26,1.0096,FWH1,-7.6942,-14.7319,-10.9127,-14.3224,-10.0247,-8.8852,-12.2693,-14.9262,-11.5470,-11.1438,-13.7939,-9.2461,-15.2438,-12.6277,-9.3623,-0.0010,-9.7040,-14.5799,-10.9850,-10.6060
27,H,G,G,27,1.0035,CDRH1,-12.7795,-16.1972,-10.3132,-8.8517,-14.9916,-0.0003,-13.7171,-16.8866,-9.8147,-13.4261,-15.3177,-12.6321,-18.8180,-11.3593,-9.5354,-13.1630,-15.1664,-15.8040,-15.6783,-13.9938
28,H,F,F,28,1.0047,CDRH1,-17.1601,-17.4675,-16.9680,-19.0559,-0.0005,-18.5414,-14.2122,-12.1399,-18.6621,-10.8739,-14.4886,-17.2437,-20.0619,-19.3070,-18.5484,-15.9353,-17.1749,-13.0246,-15.0690,-7.5945
29,H,T,T,29,1.6450,CDRH1,-2.6378,-13.5252,-5.4402,-5.8703,-11.1039,-7.4480,-10.4705,-6.5626,-6.6923,-8.9341,-8.1174,-5.2523,-4.4500,-8.8602,-7.4426,-4.4805,-0.1183,-8.7857,-11.8240,-9.7676
30,H,F,F,30,1.0089,CDRH1,-15.3355,-17.4019,-18.2227,-20.5388,-0.0011,-19.2454,-12.5737,-14.3589,-19.9490,-12.3797,-14.7442,-17.3301,-15.9612,-19.7620,-20.0808,-14.7548,-15.3132,-11.8533,-13.6091,-6.8103
35,H,S,S,35,2.2748,CDRH1,-5.9870,-9.6120,-3.6170,-6.8335,-6.8366,-5.3905,-6.6314,-5.8069,-5.9947,-7.4253,-6.4542,-1.6165,-8.2529,-8.4243,-4.9137,-0.2969,-6.2889,-8.6855,-9.4351,-5.7423
36,H,T,S,36,3.8378,CDRH1,-4.4143,-9.2339,-2.2767,-5.5260,-6.8291,-4.0173,-6.6564,-5.7018,-6.0681,-6.2730,-7.1121,-1.7858,-7.5401,-6.8256,-3.7149,-0.5040,-3.0841,-6.2720,-7.2641,-5.0618
37,H,Y,Y,37,1.4207,CDRH1,-7.3255,-8.0897,-8.2896,-9.6890,-3.0521,-10.8221,-4.0056,-12.2565,-8.9568,-7.9284,-11.2557,-6.0270,-14.9929,-8.3768,-9.2973,-5.3589,-8.8509,-9.9632,-7.9129,-0.0783
38,H,A,A,38,2.4270,CDRH1,-0.5720,-11.6928,-4.7531,-5.7948,-11.3500,-0.9252,-10.4784,-9.3290,-8.2694,-9.2957,-10.6238,-7.4974,-5.3425,-8.5372,-8.0956,-4.7397,-4.4618,-8.0044,-7.9285,-8.6763
39,H,M,M,39,1.0256,FWH2,-10.2621,-14.1166,-16.1071,-14.7312,-11.1140,-11.6178,-16.3880,-5.9368,-17.3011,-7.5490,-0.0034,-13.6660,-14.8760,-11.5456,-17.3005,-11.6011,-11.2520,-8.8986,-15.8114,-16.6591
40,H,N,N,40,3.5512,FWH2,-6.6130,-8.0106,-5.0749,-6.5933,-6.7956,-8.7785,-1.0729,-7.9945,-7.3749,-8.6461,-10.1799,-0.7760,-15.1333,-4.9595,-7.6585,-2.0435,-5.0828,-7.9921,-8.5195,-3.1653
41,H,W,W,41,1.0055,FWH2,-11.8508,-9.4948,-13.7152,-13.6210,-9.8972,-13.4630,-11.3080,-11.3420,-16.1148,-8.7664,-9.5801,-12.7984,-18.0821,-12.6130,-11.1926,-12.4030,-12.1229,-9.3424,-0.0005,-11.0733
42,H,V,V,42,1.8271,FWH2,-5.9549,-9.5767,-11.0873,-8.3196,-7.2135,-6.9147,-10.9823,-3.6010,-10.8531,-2.4885,-3.2980,-11.8729,-15.6776,-8.7184,-9.8544,-9.8988,-10.1278,-0.1655,-10.3778,-8.6276
43,H,R,R,43,1.0013,FWH2,-13.2303,-10.2484,-16.3786,-15.1917,-17.6590,-11.5127,-13.1140,-15.6518,-10.9054,-15.2320,-14.3266,-11.7019,-17.7546,-11.4766,-0.0001,-11.0835,-12.9958,-15.8535,-13.7322,-16.5414
44,H,Q,Q,44,1.0102,FWH2,-12.6439,-14.3505,-15.3348,-8.8688,-16.1703,-13.6363,-10.4170,-12.3262,-7.6799,-9.4000,-10.6625,-12.7311,-16.6417,-0.0011,-8.1029,-12.2937,-12.3961,-11.0907,-14.9156,-17.2238
45,H,A,A,45,1.6110,FWH2,-0.1342,-12.1115,-15.5003,-14.0807,-15.4018,-5.2745,-15.2052,-13.8315,-11.2222,-16.0800,-13.9618,-11.8739,-6.8674,-14.8037,-11.9480,-3.4044,-2.4520,-9.6282,-16.2456,-16.8495
46,H,S,P,46,1.1036,FWH2,-8.8330,-14.6712,-10.3818,-11.7089,-13.5946,-11.1876,-9.7141,-10.4656,-10.0158,-10.4145,-15.3318,-10.1931,-0.0165,-11.0717,-7.6574,-4.6114,-5.2106,-10.3606,-12.5312,-12.6950
47,H,G,G,47,1.1344,FWH2,-6.9336,-13.6957,-6.6991,-4.6615,-9.7315,-0.0193,-7.8596,-11.7843,-5.5286,-9.3042,-9.8445,-8.5282,-10.6141,-8.5394,-6.5229,-9.9174,-7.3296,-8.2794,-11.0347,-10.6270
48,H,K,K,48,1.2037,FWH2,-8.5001,-15.5064,-10.1697,-5.0587,-14.3109,-9.9035,-9.9925,-14.7918,-0.0377,-9.4525,-10.4968,-7.9386,-14.3946,-3.5505,-7.0334,-10.5765,-8.6027,-13.1699,-15.3285,-14.5430
49,H,G,G,49,1.1010,FWH2,-7.1075,-14.1384,-7.7751,-8.5615,-11.4562,-0.0148,-11.2688,-13.9364,-8.4849,-10.3720,-12.0393,-6.7541,-10.7213,-8.9695,-4.6776,-6.3277,-7.6853,-11.9534,-10.1047,-10.0044
50,H,L,L,50,1.0039,FWH2,-13.6599,-17.9577,-16.2595,-16.7701,-8.8618,-19.1534,-14.6640,-14.3036,-13.8903,-0.0004,-9.0385,-14.1979,-9.3489,-14.7938,-13.9860,-15.0238,-15.8738,-12.6518,-11.0993,-11.7600
51,H,E,E,51,1.0250,FWH2,-13.4276,-19.4210,-5.6505,-0.0036,-18.9225,-16.4783,-13.4974,-16.5452,-13.5419,-15.3773,-15.9889,-13.5347,-20.7550,-9.0976,-17.1089,-16.7953,-16.3034,-12.3603,-18.8342,-17.9439
52,H,W,W,52,1.0284,FWH2,-10.0546,-10.2282,-12.0720,-11.9978,-6.8549,-11.1267,-10.1305,-10.1138,-11.1882,-7.3076,-10.5193,-11.1814,-9.4808,-11.6393,-8.8123,-9.5415,-9.3667,-9.6667,-0.0033,-7.0889
53,H,V,V,53,1.0064,FWH2,-14.6997,-16.4649,-21.0383,-17.8720,-18.0649,-21.5444,-20.8818,-7.2769,-18.3011,-10.0460,-11.6262,-18.7365,-22.1933,-17.5327,-19.2144,-18.0230,-12.8125,-0.0007,-18.5768,-19.2912
54,H,G,G,54,1.9422,FWH2,-2.6282,-10.4770,-11.3649,-13.7349,-13.8548,-0.2441,-16.2289,-12.4235,-16.7162,-14.2333,-11.0333,-11.1012,-16.3235,-15.3616,-16.5024,-1.9385,-7.9259,-12.2033,-17.9359,-15.9187
55,H,R,R,55,1.4308,FWH2,-5.4854,-11.2589,-8.2437,-6.1382,-5.6792,-6.6227,-7.3314,-8.0748,-5.4213,-6.1163,-6.4534,-7.0054,-16.6840,-5.7342,-0.0587,-4.6597,-5.7550,-6.3101,-5.3276,-4.3350
56,H,I,I,56,1.0254,CDRH2,-13.4676,-13.7303,-14.8993,-12.8073,-12.3126,-13.2878,-14.5415,-0.0031,-10.2093,-9.1151,-7.2741,-10.7908,-19.6189,-10.6597,-11.7819,-10.1049,-7.9424,-6.3008,-15.5043,-14.5667
57,H,R,R,57,1.5314,CDRH2,-8.9500,-9.6865,-10.0974,-10.6758,-7.2379,-7.6030,-8.1188,-3.7825,-2.9179,-6.8340,-9.1757,-5.2299,-9.3016,-7.6486,-0.0963,-6.7840,-6.5008,-7.3446,-6.1957,-7.1744
58,H,S,S,58,1.5592,CDRH2,-4.7727,-11.1649,-4.3386,-10.1659,-8.0064,-5.7860,-7.3338,-9.1971,-9.7154,-6.7705,-9.8158,-3.2098,-5.3059,-8.2887,-7.4748,-0.0904,-4.8761,-11.2288,-11.0204,-5.1763
59,H,K,K,59,1.2847,CDRH2,-8.0031,-14.2573,-8.9685,-7.2018,-10.5678,-8.0428,-10.4271,-7.3328,-0.0512,-5.6169,-9.4870,-3.2951,-10.2111,-7.3745,-5.5157,-6.1827,-9.4793,-10.0154,-14.6476,-10.5100
60,H,Y,A,60,5.5525,CDRH2,-0.8926,-10.5544,-6.4942,-9.4929,-2.0431,-5.0268,-8.8050,-3.4859,-9.2362,-3.1239,-6.2401,-5.9783,-5.6274,-9.3427,-6.8561,-1.4769,-2.3193,-3.6884,-4.7947,-4.7593
61,H,N,N,61,3.0686,CDRH2,-5.5854,-13.4067,-1.9574,-5.0354,-9.9252,-1.6509,-4.6182,-4.8747,-6.0158,-9.3680,-8.1671,-0.4737,-10.8579,-6.6185,-7.5094,-7.2857,-6.9225,-5.7000,-8.6650,-5.0380
62,H,N,S,62,3.7626,CDRH2,-1.7463,-10.2993,-5.1287,-7.5274,-10.7678,-5.8113,-7.4665,-7.5249,-6.3380,-8.0177,-9.2980,-1.4412,-11.2749,-8.5107,-7.2573,-0.7569,-2.2488,-8.0949,-10.3673,-8.4001
63,H,Y,Y,63,1.6160,CDRH2,-5.9015,-10.0484,-3.8746,-7.7459,-5.6608,-8.6382,-4.9529,-11.0874,-8.9592,-8.6233,-8.3857,-4.0057,-12.0135,-9.6164,-10.4635,-9.4546,-9.9421,-10.1488,-3.0303,-0.1076
64,H,A,A,64,1.2979,CDRH2,-0.0456,-11.5600,-4.4942,-3.9847,-8.0872,-5.8598,-7.3176,-8.6258,-7.5367,-6.3941,-9.2519,-8.1344,-13.6657,-8.5648,-9.9917,-8.4495,-5.6476,-6.7866,-13.2393,-5.7923
65,H,T,T,65,1.5800,CDRH2,-4.5503,-10.3891,-13.3129,-6.8313,-15.1200,-13.0265,-14.5403,-3.8901,-6.0149,-5.7345,-5.1198,-6.6468,-13.7017,-8.0326,-7.3747,-9.2248,-0.1012,-2.9935,-18.2631,-13.3608
66,H,Y,Y,66,3.0152,FWH3,-1.8185,-10.3471,-6.1993,-8.8097,-3.2211,-11.6824,-1.8537,-10.4459,-7.7710,-6.5639,-10.4749,-5.6045,-14.7832,-8.6660,-11.6695,-4.7418,-8.2817,-8.2871,-11.8188,-0.4717
67,H,Y,Y,67,1.0080,FWH3,-13.3544,-13.1976,-16.1232,-17.7444,-7.1970,-16.9921,-8.8006,-16.7431,-13.3443,-11.5110,-14.9141,-12.5324,-20.4912,-15.4654,-14.6548,-13.1899,-14.9279,-15.4886,-13.4739,-0.0009
68,H,A,A,68,1.1619,FWH3,-0.0282,-12.3902,-8.1244,-9.7167,-12.8344,-8.4103,-11.6504,-10.0810,-9.0925,-8.1828,-10.3265,-10.3801,-10.7623,-11.0779,-10.1092,-6.8664,-3.8453,-5.4730,-16.8201,-13.8336
69,H,D,D,69,1.0712,FWH3,-6.8065,-16.4008,-0.0103,-5.0288,-15.9220,-8.7508,-11.9214,-13.4403,-9.5339,-13.2209,-14.2007,-6.2514,-10.6914,-9.8399,-12.8792,-8.5004,-9.1949,-10.1585,-17.0519,-12.5056
70,H,S,S,70,1.7550,FWH3,-7.3280,-15.6544,-10.4147,-9.6759,-10.6030,-13.9707,-16.0004,-9.3660,-8.3557,-10.8861,-11.2095,-8.8313,-11.2212,-12.3893,-11.2848,-0.2751,-1.4308,-9.7498,-12.3544,-13.2207
71,H,V,V,71,1.0003,FWH3,-11.7998,-17.9545,-19.6534,-16.0163,-16.1185,-20.1723,-22.4582,-12.3838,-17.5126,-11.2461,-13.5735,-21.1176,-21.2044,-18.6984,-20.4754,-18.8587,-13.8347,-0.0000,-21.9381,-20.8999
72,H,K,K,72,1.0774,FWH3,-10.4363,-15.5303,-11.3184,-5.8152,-13.1365,-11.6393,-11.9777,-11.2449,-0.0103,-10.7298,-7.1720,-7.0059,-16.4772,-6.9491,-5.6155,-9.3627,-7.0758,-12.1133,-12.8113,-12.4398
74,H,D,G,74,1.5097,FWH3,-7.9046,-12.5344,-2.0856,-6.5975,-11.5511,-0.1380,-10.3441,-13.9788,-10.0428,-13.0667,-12.8861,-6.7700,-17.2912,-10.5159,-10.3345,-6.5023,-10.0364,-9.9108,-12.8033,-9.7516
75,H,R,R,75,1.0018,FWH3,-15.9845,-14.1499,-15.6376,-16.0622,-15.2297,-15.6631,-10.4500,-15.6833,-9.2531,-13.3433,-15.0654,-12.8340,-19.8667,-11.1186,-0.0002,-12.9375,-13.7684,-16.2041,-11.5940,-14.0025
76,H,F,F,76,1.0014,FWH3,-15.6385,-11.2865,-16.0729,-20.6707,-0.0001,-15.8518,-14.8626,-14.5122,-21.2673,-9.1320,-12.4478,-15.0494,-23.0528,-17.5063,-22.5634,-14.4842,-16.5387,-14.8246,-14.8780,-11.9350
77,H,T,T,77,1.0547,FWH3,-7.1254,-17.1620,-13.4203,-11.1912,-11.7021,-14.0796,-13.0106,-5.8599,-9.4999,-10.6791,-9.0590,-10.0599,-16.3843,-11.3885,-11.5538,-5.9339,-0.0073,-7.3252,-16.9448,-13.9366
78,H,I,I,78,1.0059,FWH3,-14.9673,-19.7508,-20.4753,-19.7530,-15.9183,-15.6985,-21.3831,-0.0007,-20.3363,-12.2916,-15.1971,-15.5646,-18.3533,-20.3193,-21.9333,-14.1919,-12.3295,-7.2667,-24.3583,-22.6572
79,H,S,S,79,1.0012,FWH3,-10.8840,-17.0772,-14.8750,-18.0514,-11.8328,-13.6570,-15.1698,-15.6005,-15.4928,-14.0326,-15.3754,-10.3849,-18.0049,-16.7485,-15.4727,-0.0001,-10.1113,-15.9710,-18.6876,-12.7198
80,H,R,R,80,1.0139,FWH3,-7.3987,-13.7857,-13.9329,-9.8924,-17.8577,-10.9754,-14.8103,-11.8943,-8.2195,-9.9515,-11.5796,-12.5020,-11.7592,-10.0973,-0.0015,-9.5406,-8.0357,-10.2124,-15.3872,-15.0687
81,H,D,D,81,1.0237,FWH3,-10.9407,-15.3381,-0.0032,-5.9298,-12.5414,-11.8223,-8.2767,-14.3887,-13.4522,-11.7208,-15.1769,-8.8520,-17.3799,-10.8389,-14.4997,-14.0739,-14.7336,-11.2733,-15.9698,-10.4720
82,H,D,D,82,1.0024,FWH3,-12.4881,-17.8494,-0.0002,-9.2096,-15.1979,-13.8773,-16.4842,-12.5217,-18.2788,-17.9091,-15.3642,-9.2871,-16.9802,-19.3472,-21.3036,-14.1056,-10.7212,-13.2697,-19.9812,-12.9275
83,H,S,S,83,1.1388,FWH3,-4.5131,-16.1169,-9.4718,-11.5580,-9.1821,-9.4271,-9.8154,-10.8224,-9.4461,-10.1005,-12.4360,-8.5996,-4.7289,-11.7121,-10.1654,-0.0222,-6.8058,-9.4613,-15.0715,-8.2398
84,H,K,K,84,1.6611,FWH3,-8.7643,-14.9274,-12.2265,-6.5419,-12.3749,-12.4137,-8.9288,-10.7703,-0.1587,-8.2951,-7.5370,-8.3422,-20.4464,-2.1506,-3.6057,-8.9912,-8.4496,-10.5084,-12.6718,-12.5877
85,H,N,N,85,2.1570,FWH3,-8.8380,-11.3634,-4.3196,-7.9699,-12.0479,-9.7525,-9.2119,-13.7803,-10.2505,-13.5036,-11.4100,-0.5849,-16.3690,-10.1316,-12.0967,-0.8528,-5.9886,-12.9121,-14.4520,-11.3142
86,H,T,T,86,2.0659,FWH3,-9.9377,-12.2946,-12.1689,-10.5743,-11.1934,-16.4088,-11.8129,-1.0331,-11.6858,-7.9538,-4.5619,-8.1368,-20.3981,-11.0942,-12.7663,-8.4770,-0.4606,-6.3590,-13.9339,-10.5239
87,H,A,L,87,1.3235,FWH3,-3.0329,-9.4387,-9.4780,-8.8811,-10.3077,-6.2636,-9.0641,-9.6952,-14.0002,-0.0631,-6.8268,-10.4174,-11.7787,-5.0018,-14.0456,-8.8141,-9.6765,-6.0043,-15.7410,-11.3625
88,H,Y,Y,88,1.2676,FWH3,-12.8127,-11.4223,-10.4650,-12.6773,-2.9520,-12.7669,-5.6267,-11.6765,-14.3631,-8.7096,-11.9183,-7.6694,-19.0839,-13.3146,-14.4816,-9.1039,-12.9308,-11.7987,-9.5842,-0.0584
89,H,L,L,89,1.0013,FWH3,-17.7718,-17.7619,-21.0457,-18.9114,-14.1384,-20.4628,-19.6229,-13.1108,-20.6034,-0.0001,-9.0526,-19.8551,-22.3942,-15.4159,-20.6805,-17.6269,-20.3503,-12.4309,-20.0996,-18.7760
90,H,Q,Q,90,1.0296,FWH3,-10.7213,-14.7519,-9.9519,-6.6500,-12.3062,-10.1154,-6.4133,-13.3745,-8.3197,-8.3413,-11.7641,-11.2463,-12.5660,-0.0036,-9.6794,-12.0132,-12.6884,-11.7838,-13.1652,-12.6157
91,H,M,M,91,1.0460,FWH3,-9.0545,-10.6906,-19.4262,-17.2884,-12.7464,-15.4629,-20.4847,-5.0383,-17.7465,-8.6752,-0.0071,-17.2659,-19.4449,-14.7610,-19.1240,-12.1291,-11.5781,-8.2050,-15.5411,-20.9454
92,H,N,N,92,1.0718,FWH3,-9.7114,-13.7074,-7.0462,-12.0193,-11.4568,-8.8777,-8.1391,-10.1039,-7.7280,-10.9250,-11.4993,-0.0106,-15.2151,-10.4530,-10.5676,-4.8385,-7.3108,-12.9221,-14.8294,-10.2904
93,H,S,N,93,2.3763,FWH3,-7.7922,-10.8534,-7.4074,-10.1641,-8.0517,-7.7284,-7.2148,-7.9785,-4.2713,-8.0772,-9.7883,-0.5697,-10.5933,-8.2347,-5.1453,-0.9192,-4.5928,-9.4091,-9.9835,-6.3098
94,H,L,L,94,1.0004,FWH3,-16.4483,-18.6406,-20.5701,-16.6186,-14.9279,-16.3878,-18.9241,-14.8579,-12.3734,-0.0000,-11.0641,-19.3577,-13.4591,-14.5931,-15.1577,-19.1897,-18.9002,-11.3321,-17.8006,-20.0785
95,H,K,K,95,1.0539,FWH3,-9.8898,-16.5219,-12.1951,-10.0719,-15.8491,-10.0593,-11.5607,-10.5871,-0.0073,-11.5687,-10.8859,-6.5157,-17.0293,-7.6673,-5.5275,-9.6875,-6.8501,-11.4795,-17.5535,-14.2345
96,H,T,T,96,2.3967,FWH3,-3.7820,-8.8369,-6.2360,-6.5296,-5.7886,-7.6047,-10.3892,-5.8337,-9.6927,-8.4492,-7.8426,-5.5444,-6.5862,-10.0277,-9.9411,-1.1346,-0.4568,-5.3121,-10.7297,-6.6904
97,H,E,E,97,1.0736,FWH3,-6.1488,-14.3046,-5.4200,-0.0105,-16.1463,-5.6679,-14.4780,-12.5586,-11.1272,-13.3385,-11.7726,-11.2269,-13.0321,-8.2709,-15.3887,-9.8512,-13.3638,-9.4639,-21.1185,-15.8729
98,H,D,D,98,1.0006,FWH3,-15.1806,-17.3593,-0.0000,-10.6487,-16.5875,-16.8006,-11.5414,-18.5458,-19.2513,-18.3445,-15.8241,-11.1364,-21.6685,-16.8591,-22.1023,-17.0987,-16.6575,-16.6737,-19.3146,-13.9416
99,H,T,T,99,1.0283,FWH3,-11.0287,-14.0842,-14.1566,-11.3175,-12.7430,-12.3134,-16.1927,-11.2209,-15.0901,-12.3254,-6.7580,-12.2904,-17.1894,-11.7152,-15.5259,-5.9546,-0.0038,-15.5842,-16.5547,-13.2612
100,H,A,A,100,1.0006,FWH3,-0.0000,-14.4346,-16.2862,-20.7399,-20.8997,-12.3646,-22.1974,-21.1337,-22.2178,-21.9660,-19.3522,-18.0410,-21.2352,-22.9957,-21.0257,-10.0671,-14.2361,-13.6810,-25.2750,-21.3695
101,H,V,V,101,2.8172,FWH3,-10.1158,-14.6670,-11.9291,-12.8298,-8.4865,-14.7911,-11.4168,-1.3279,-7.9319,-5.0780,-1.9774,-8.9711,-17.8096,-11.3803,-9.4318,-10.1424,-4.4317,-0.5491,-11.2137,-9.4021
102,H,Y,Y,102,1.0123,FWH3,-13.2970,-11.0296,-13.1035,-16.0721,-6.5222,-15.8094,-9.7820,-13.4200,-16.0176,-11.7633,-15.0495,-13.2191,-18.5424,-16.0568,-16.1629,-13.7856,-16.1500,-12.0854,-13.8990,-0.0016
103,H,Y,Y,103,1.1220,FWH3,-13.0806,-10.9740,-12.4320,-13.0613,-3.8086,-14.8053,-7.4273,-9.6290,-12.2600,-9.8751,-11.5231,-10.1786,-20.5496,-12.4626,-13.0226,-9.7054,-11.1576,-9.9753,-11.6098,-0.0234
104,H,C,C,104,1.0006,FWH3,-11.3712,-0.0000,-18.3216,-21.2597,-17.2729,-10.5190,-20.8379,-18.1600,-24.4995,-19.1382,-19.3950,-16.8910,-18.3116,-21.1587,-21.7468,-11.7829,-17.3091,-17.1595,-18.1104,-19.1270
105,H,T,A,105,1.5213,CDRH3,-0.1045,-7.9990,-10.9403,-10.5564,-8.8017,-6.8031,-10.8241,-10.0355,-12.2311,-7.0749,-7.2315,-9.1457,-11.1958,-10.3166,-11.7731,-4.0506,-2.6735,-4.6885,-11.2749,-8.6330
106,H,R,R,106,1.7744,CDRH3,-2.6474,-8.0442,-13.8812,-9.7231,-13.1705,-6.1256,-10.4830,-5.9007,-6.5353,-8.4448,-7.0207,-8.0017,-9.8942,-6.9709,-0.1468,-4.3724,-3.1607,-6.5413,-11.4563,-11.8094
107,H,H,S,107,6.4453,CDRH3,-2.5832,-6.1572,-2.3534,-2.4817,-5.8029,-2.0944,-5.9984,-4.3911,-5.9412,-4.4300,-6.1782,-5.5395,-6.1046,-4.2502,-5.4093,-0.7748,-2.9830,-3.1301,-7.1285,-5.2619
108,H,G,G,108,6.0426,CDRH3,-3.5679,-7.8470,-2.4116,-3.4624,-4.9809,-0.5901,-4.9087,-4.7687,-4.5909,-4.1710,-5.4456,-3.8600,-3.1305,-4.7034,-4.3967,-2.8177,-4.1424,-4.4409,-6.0290,-2.6960
109,H,N,Y,109,10.9690,CDRH3,-4.0375,-8.0478,-1.5780,-2.5487,-3.6044,-3.6711,-4.1528,-3.4989,-4.0262,-3.7614,-4.9646,-2.7936,-3.3699,-4.7755,-3.6914,-2.5856,-3.3978,-3.7370,-4.0814,-1.3008
110,H,F,Y,110,2.8064,CDRH3,-6.0765,-8.6741,-2.9859,-4.9329,-3.8644,-4.2569,-4.3068,-5.4626,-7.1331,-4.2168,-6.0904,-3.3524,-8.1825,-6.2270,-5.0635,-3.5167,-5.7581,-6.8264,-4.7676,-0.2444
111,H,G,Y,111,6.7983,CDRH3,-5.1394,-7.9741,-1.3356,-3.1919,-3.8388,-1.4405,-4.9726,-4.4031,-7.3580,-4.4938,-5.2908,-3.3775,-6.6069,-5.3099,-5.3703,-3.4855,-5.0319,-4.6579,-3.6855,-1.2782
111A,H,N,Y,111,8.6821,CDRH3,-4.4792,-7.5295,-1.5352,-2.9100,-3.5930,-1.6894,-4.3784,-4.9375,-6.4467,-3.9613,-5.5408,-3.0825,-6.0156,-4.8001,-4.8643,-2.2675,-4.3028,-4.7726,-3.6103,-1.4065
112B,H,S,Y,112,2.8881,CDRH3,-5.7020,-8.6406,-3.4110,-5.4353,-3.6871,-4.7903,-4.5654,-5.1914,-7.5487,-4.4614,-6.4390,-3.6365,-4.0737,-5.9573,-4.8570,-3.9080,-5.4867,-5.7418,-3.5453,-0.2407
112A,H,Y,Y,112,8.4549,CDRH3,-3.8027,-8.4648,-1.5585,-3.1256,-4.0628,-3.5999,-3.7696,-5.0053,-5.7317,-3.8569,-5.3999,-2.5528,-5.1399,-4.3657,-3.9716,-2.0856,-4.0792,-4.7709,-3.9599,-1.0907
112,H,V,Y,112,3.4136,CDRH3,-4.5233,-8.2981,-3.1965,-4.2672,-3.3934,-5.4316,-3.9270,-3.6995,-6.6862,-4.2650,-7.1471,-4.5514,-6.7474,-6.0780,-6.3396,-5.4982,-5.3535,-2.9152,-3.7158,-0.3115
113,H,S,Y,113,6.9119,CDRH3,-4.7975,-8.5277,-1.8109,-3.6269,-4.1898,-3.3060,-3.9390,-5.7046,-5.2378,-5.2345,-5.1985,-2.4765,-4.7336,-5.3769,-4.1004,-2.4519,-4.5393,-4.8861,-3.1390,-0.8008
114,H,W,W,114,6.5207,CDRH3,-2.7673,-7.3380,-1.7584,-3.2377,-4.5693,-3.9189,-3.8139,-7.2858,-6.7308,-5.8286,-7.0907,-3.7360,-5.6842,-5.7092,-4.9818,-3.4063,-4.7553,-4.8171,-0.8912,-1.7746
115,H,F,F,115,1.6353,CDRH3,-4.9897,-8.1333,-6.3698,-6.1029,-0.0947,-6.4472,-6.3010,-6.6993,-10.9715,-4.3593,-3.5317,-7.9737,-7.4970,-7.4845,-8.7896,-5.7539,-5.9079,-5.3459,-6.9106,-3.9454
116,H,A,D,116,1.5993,CDRH3,-1.9101,-11.5675,-0.1678,-7.4378,-11.7553,-6.5495,-9.0901,-11.8452,-11.0942,-10.9240,-10.6563,-7.7356,-6.1863,-10.3255,-10.6396,-6.7995,-8.6603,-8.0170,-13.3446,-9.5235
117,H,Y,Y,117,1.3295,CDRH3,-7.0742,-9.6542,-6.9507,-12.1166,-4.0767,-13.3985,-6.4671,-5.2603,-12.0622,-6.6140,-8.8190,-7.1475,-9.7000,-11.9520,-12.5587,-6.3935,-6.5611,-3.9158,-9.5943,-0.0524
118,H,W,W,118,1.0004,FWH4,-15.4778,-17.1310,-16.4721,-16.2302,-10.7782,-16.1599,-14.7674,-17.4726,-17.3094,-12.9883,-13.8509,-17.9172,-17.2487,-16.0895,-13.6348,-15.7610,-16.7871,-14.1672,-0.0000,-12.4362
119,H,G,G,119,1.0014,FWH4,-11.0646,-14.6970,-9.1964,-12.5304,-17.5546,-0.0001,-17.8178,-18.8897,-17.6089,-17.2982,-16.0722,-14.8646,-17.4591,-16.4552,-17.2561,-11.8921,-15.5662,-15.1894,-18.4662,-17.4461
120,H,Q,Q,120,1.0426,FWH4,-9.9898,-12.4359,-9.6466,-7.9531,-11.0312,-9.0386,-6.5048,-11.6124,-7.9096,-7.4540,-9.8332,-9.2327,-7.1221,-0.0050,-7.2056,-9.7167,-10.4138,-11.0504,-11.7794,-9.3149
121,H,G,G,121,1.0000,FWH4,-13.0386,-16.4718,-15.1894,-16.2040,-20.3168,-0.0000,-19.5614,-22.9821,-16.7120,-18.0543,-20.1282,-17.1675,-18.3494,-18.7158,-15.3575,-15.4742,-19.3760,-16.5770,-18.1089,-19.4976
122,H,T,T,122,1.0734,FWH4,-5.2759,-14.9293,-14.6969,-12.3245,-14.6940,-11.8545,-16.3741,-10.1933,-11.0627,-14.7968,-13.1781,-11.9377,-14.7843,-13.2398,-13.6223,-5.1715,-0.0112,-8.0876,-17.6829,-14.0698
123,H,L,L,123,1.0972,FWH4,-8.2331,-10.1564,-9.6049,-9.0696,-8.0652,-9.9162,-9.1658,-9.6109,-8.5796,-0.0122,-5.9360,-9.4776,-5.7704,-6.4466,-7.4477,-6.7504,-6.9573,-7.6620,-9.5995,-8.1338
124,H,V,V,124,1.0026,FWH4,-13.8473,-16.9642,-19.5156,-16.7656,-16.6689,-15.8303,-18.8074,-9.8877,-15.2527,-8.4659,-13.5368,-18.3549,-19.9282,-17.2721,-18.0282,-18.3491,-12.5755,-0.0003,-19.2609,-17.6410
125,H,T,T,125,1.0440,FWH4,-8.1990,-12.0119,-14.2209,-11.3380,-13.4640,-14.4919,-14.6851,-5.6611,-10.6343,-10.6803,-10.6754,-9.2192,-13.7779,-10.3155,-11.6158,-6.8029,-0.0058,-7.2220,-15.5458,-12.4071
126,H,V,V,126,1.0013,FWH4,-10.8715,-14.2238,-20.8006,-18.2677,-18.8038,-16.9614,-21.2120,-9.3646,-16.5111,-14.0402,-14.6694,-16.8534,-19.2430,-19.0543,-18.0369,-15.0625,-11.1319,-0.0001,-20.5444,-19.0899
127,H,S,S,127,1.0058,FWH4,-8.8099,-11.7174,-12.4951,-14.0639,-11.4138,-13.4465,-13.0850,-11.7090,-10.9445,-10.0322,-13.7363,-10.5736,-13.9599,-13.7647,-12.1210,-0.0006,-8.2155,-11.4399,-15.0569,-11.6611
128,H,S,S,128,3.0481,FWH4,-1.0129,-8.2990,-6.1639,-7.6001,-9.8904,-1.6848,-9.4002,-9.4550,-8.4306,-9.3827,-9.7331,-7.5121,-6.4301,-7.9984,-6.2921,-0.8197,-6.3047,-6.8863,-10.5163,-8.7980
