pos,chain,wt,mt,score_experiment
11,H,V,A,2.937980585
11,H,V,C,4.039682138
11,H,V,D,1.091000061
11,H,V,E,0.441016817
11,H,V,F,-0.19256525
11,H,V,G,3.046644529
11,H,V,H,-0.497046661
11,H,V,I,0.609740762
11,H,V,K,1.389785416
11,H,V,L,1.137183223
11,H,V,M,4.563814511
11,H,V,N,-0.398982621
11,H,V,P,1.470016377
11,H,V,Q,0.446374785
11,H,V,R,0.714825639
11,H,V,S,1.387341418
11,H,V,T,-0.309619383
11,H,V,V,-1.08e-06
11,H,V,W,0.580853476
21,H,S,A,0.873163919
21,H,S,C,2.093082672
21,H,S,D,5.157356587
21,H,S,E,8.773559924
21,H,S,F,2.647332004
21,H,S,G,1.829005058
21,H,S,H,1.665513567
21,H,S,K,1.193944019
21,H,S,L,5.242040854
21,H,S,M,8.069280903
21,H,S,N,5.389943079
21,H,S,P,0.920296331
21,H,S,Q,5.686200716
21,H,S,R,3.251691129
21,H,S,S,-1.08e-06
21,H,S,T,1.839748294
21,H,S,V,3.029825592
21,H,S,W,0.112839538
21,H,S,Y,0.686146932
22,H,C,A,9.165402531
22,H,C,C,-1.08e-06
22,H,C,D,8.271307531
22,H,C,E,8.643711777
22,H,C,F,3.65970332
22,H,C,G,5.332392274
22,H,C,I,8.141254403
22,H,C,K,8.908013401
22,H,C,L,6.57896762
22,H,C,M,8.324732698
22,H,C,N,9.282908443
22,H,C,P,6.869370393
22,H,C,Q,8.031253508
22,H,C,R,3.500549217
22,H,C,S,4.798897521
22,H,C,T,6.077942243
22,H,C,V,9.012082761
22,H,C,W,3.257207925
22,H,C,Y,2.585714171
23,H,K,A,6.550165629
23,H,K,C,0.926950691
23,H,K,D,6.024072533
23,H,K,E,3.22571799
23,H,K,F,9.116861712
23,H,K,G,7.942895847
23,H,K,H,2.037634567
23,H,K,I,3.40601335
23,H,K,K,-1.08e-06
23,H,K,L,4.127431705
23,H,K,M,2.154762197
23,H,K,N,1.489229176
23,H,K,P,6.201928223
23,H,K,Q,1.323231686
23,H,K,R,0.969219922
23,H,K,S,2.943767803
23,H,K,T,1.951656034
23,H,K,V,2.438373548
23,H,K,W,2.159238326
23,H,K,Y,4.83432685
24,H,A,A,-1.08e-06
24,H,A,C,0.921804531
24,H,A,D,3.884261049
24,H,A,E,1.048462116
24,H,A,F,9.731056341
24,H,A,G,3.532722751
24,H,A,H,6.147942015
24,H,A,I,5.644371562
24,H,A,K,5.869921853
24,H,A,L,6.249090499
24,H,A,M,8.769863062
24,H,A,N,9.534469207
24,H,A,P,4.680056595
24,H,A,Q,8.676772639
24,H,A,R,4.393637647
24,H,A,S,4.460811079
24,H,A,T,3.350297953
24,H,A,V,3.443271518
24,H,A,W,6.439972519
24,H,A,Y,8.970533758
25,H,T,A,3.139600497
25,H,T,C,1.702789754
25,H,T,E,2.965465356
25,H,T,F,2.162756118
25,H,T,G,6.306935319
25,H,T,H,1.662036043
25,H,T,I,1.46325911
25,H,T,K,5.444564164
25,H,T,L,2.907320912
25,H,T,M,4.634018769
25,H,T,N,2.519928895
25,H,T,P,1.660350608
25,H,T,R,3.537505788
25,H,T,S,0.981859267
25,H,T,T,-1.08e-06
25,H,T,V,1.047900007
25,H,T,W,2.21958354
25,H,T,Y,0.323766996
26,H,G,A,4.468462922
26,H,G,C,3.570261669
26,H,G,D,3.057357416
26,H,G,E,4.720049455
26,H,G,F,6.769997919
26,H,G,G,-1.08e-06
26,H,G,H,8.30723954
26,H,G,I,7.844269938
26,H,G,K,8.386376861
26,H,G,L,7.141733017
26,H,G,M,8.113083526
26,H,G,N,6.69512425
26,H,G,P,9.278463991
26,H,G,Q,7.933615038
26,H,G,R,5.805258246
26,H,G,S,4.11083941
26,H,G,T,9.046371834
26,H,G,V,3.115260275
26,H,G,W,8.626762219
26,H,G,Y,7.983625459
27,H,Y,A,9.309168157
27,H,Y,C,3.373923804
27,H,Y,D,3.454965166
27,H,Y,E,5.563454006
27,H,Y,F,4.008212551
27,H,Y,G,6.868352729
27,H,Y,H,3.541237135
27,H,Y,I,6.493857607
27,H,Y,K,6.211418079
27,H,Y,L,6.703388235
27,H,Y,M,8.732122734
27,H,Y,N,4.618035042
27,H,Y,P,9.349385217
27,H,Y,Q,5.601859568
27,H,Y,R,6.277039854
27,H,Y,S,3.327626372
27,H,Y,T,9.262750985
27,H,Y,V,6.978103593
27,H,Y,W,5.266011527
27,H,Y,Y,-1.08e-06
28,H,T,A,0.531009329
28,H,T,C,6.120880093
28,H,T,D,-1.452165674
28,H,T,E,-1.32425857
28,H,T,F,5.07225795
28,H,T,G,5.016393859
28,H,T,H,3.686381959
28,H,T,I,-0.365108928
28,H,T,K,2.203896919
28,H,T,L,1.862736208
28,H,T,M,1.354924669
28,H,T,N,1.251038498
28,H,T,P,0.360292763
28,H,T,Q,1.801657849
28,H,T,R,2.865158397
28,H,T,S,0.705450468
28,H,T,T,-1.08e-06
28,H,T,V,-1.06151618
28,H,T,W,5.958801143
28,H,T,Y,5.427813353
29,H,F,A,7.009915421
29,H,F,C,2.128358053
29,H,F,D,8.68082944
29,H,F,E,8.949093427
29,H,F,F,-1.08e-06
29,H,F,G,7.885057947
29,H,F,H,9.071338457
29,H,F,I,2.562063806
29,H,F,K,9.216446417
29,H,F,L,1.833804321
29,H,F,M,6.4119005
29,H,F,N,7.307334668
29,H,F,P,9.653018233
29,H,F,Q,8.631026617
29,H,F,R,9.541342086
29,H,F,S,3.534575003
29,H,F,T,6.25068401
29,H,F,V,4.250669525
29,H,F,W,5.343255965
29,H,F,Y,2.899334243
30,H,S,A,1.459789144
30,H,S,C,3.525851041
30,H,S,D,4.328425398
30,H,S,E,1.912238041
30,H,S,F,3.710437604
30,H,S,G,3.349162307
30,H,S,H,5.508895022
30,H,S,I,4.110423246
30,H,S,K,3.449231898
30,H,S,L,5.708865787
30,H,S,M,1.250865643
30,H,S,N,2.014385219
30,H,S,P,1.492247028
30,H,S,Q,0.967804379
30,H,S,R,2.17970219
30,H,S,S,-1.08e-06
30,H,S,T,-2.658459346
30,H,S,V,6.247216085
30,H,S,W,8.499317272
30,H,S,Y,0.806328438
31,H,T,A,1.771895015
31,H,T,C,8.802652885
31,H,T,D,-1.36570494
31,H,T,E,-2.42989127
31,H,T,F,2.3367709
31,H,T,G,5.998899036
31,H,T,H,-2.206021132
31,H,T,I,2.890124425
31,H,T,K,2.452668785
31,H,T,L,6.126015304
31,H,T,M,8.489561097
31,H,T,N,-2.297146325
31,H,T,P,1.84185277
31,H,T,R,4.989260679
31,H,T,S,2.916894005
31,H,T,T,-1.08e-06
31,H,T,V,4.755200001
31,H,T,W,8.823930284
31,H,T,Y,1.569651412
32,H,Y,A,6.481513085
32,H,Y,C,4.04017314
32,H,Y,D,2.745810326
32,H,Y,E,5.642017928
32,H,Y,F,2.202866115
32,H,Y,G,3.775726768
32,H,Y,H,3.112373872
32,H,Y,I,9.315626737
32,H,Y,K,7.127915871
32,H,Y,L,6.556163648
32,H,Y,M,9.47039035
32,H,Y,N,4.621276147
32,H,Y,P,6.476270836
32,H,Y,Q,8.958338485
32,H,Y,R,2.928544233
32,H,Y,S,1.614056075
32,H,Y,T,6.878020135
32,H,Y,V,10.17632309
32,H,Y,W,9.700859942
32,H,Y,Y,-1.08e-06
34,H,I,A,6.705791018
34,H,I,C,1.418406346
34,H,I,D,8.195321624
34,H,I,E,6.202891459
34,H,I,F,1.935870535
34,H,I,G,6.825634999
34,H,I,H,3.209662316
34,H,I,I,-1.08e-06
34,H,I,K,4.754733736
34,H,I,L,0.926161829
34,H,I,M,1.831379937
34,H,I,N,0.603808697
34,H,I,P,6.411052827
34,H,I,Q,2.016870161
34,H,I,R,3.86251144
34,H,I,S,0.622549001
34,H,I,T,3.193699574
34,H,I,V,4.425149698
34,H,I,W,5.67138563
34,H,I,Y,4.377849962
35,H,E,A,2.024338853
35,H,E,C,8.802652885
35,H,E,D,0.43210863
35,H,E,E,-1.08e-06
35,H,E,F,9.40388912
35,H,E,G,4.226993903
35,H,E,H,4.625225706
35,H,E,I,6.211625139
35,H,E,K,3.307892206
35,H,E,L,4.31570929
35,H,E,M,8.459708134
35,H,E,N,5.52741407
35,H,E,P,2.350655931
35,H,E,Q,2.496038368
35,H,E,R,5.693291268
35,H,E,S,6.791327686
35,H,E,T,7.117426265
35,H,E,V,4.19616455
35,H,E,W,6.522938816
35,H,E,Y,5.966502681
36,H,W,A,6.262483557
36,H,W,C,1.866201867
36,H,W,D,8.054243026
36,H,W,E,8.252845468
36,H,W,F,9.380031129
36,H,W,G,3.103618507
36,H,W,H,8.927183317
36,H,W,I,8.508979183
36,H,W,K,8.21486622
36,H,W,L,3.935039945
36,H,W,M,5.543019068
36,H,W,N,8.31310466
36,H,W,P,3.242096486
36,H,W,Q,8.246614919
36,H,W,R,3.550615516
36,H,W,S,2.700678653
36,H,W,T,5.505774895
36,H,W,V,9.343141701
36,H,W,W,-1.08e-06
36,H,W,Y,6.176223212
37,H,V,A,2.711242773
37,H,V,C,2.245891046
37,H,V,D,1.345392561
37,H,V,E,5.124130939
37,H,V,F,1.590227978
37,H,V,G,2.36950645
37,H,V,H,3.564483691
37,H,V,I,-2.389278608
37,H,V,K,3.674831749
37,H,V,L,-1.375264437
37,H,V,M,-3.043710908
37,H,V,P,2.840209053
37,H,V,Q,4.092598025
37,H,V,R,3.659038299
37,H,V,S,2.003356442
37,H,V,T,3.331477615
37,H,V,V,-1.08e-06
37,H,V,W,5.454321125
37,H,V,Y,5.285973965
38,H,K,A,6.236166248
38,H,K,C,8.622479557
38,H,K,D,4.989727327
38,H,K,E,3.341622906
38,H,K,F,5.938331804
38,H,K,G,5.688096451
38,H,K,H,3.983935042
38,H,K,I,2.488211359
38,H,K,K,-1.08e-06
38,H,K,L,3.609632905
38,H,K,M,1.013737798
38,H,K,N,0.747073696
38,H,K,P,7.046422837
38,H,K,Q,0.565164712
38,H,K,R,1.363737984
38,H,K,S,5.160368637
38,H,K,T,1.030060822
38,H,K,V,-0.134024882
38,H,K,W,8.555936166
38,H,K,Y,1.678002105
39,H,Q,A,1.939544977
39,H,Q,C,5.816970947
39,H,Q,D,4.968562516
39,H,Q,E,2.127637051
39,H,Q,F,2.319291808
39,H,Q,G,4.858757909
39,H,Q,H,0.999217828
39,H,Q,I,3.859078628
39,H,Q,K,0.508961954
39,H,Q,L,2.038568904
39,H,Q,M,0.762680376
39,H,Q,N,4.195733488
39,H,Q,P,2.041559024
39,H,Q,Q,-1.08e-06
39,H,Q,R,3.904288154
39,H,Q,S,2.704719062
39,H,Q,T,4.436128332
39,H,Q,V,7.256653182
39,H,Q,W,8.942882226
39,H,Q,Y,1.169060608
42,H,G,A,4.262133226
42,H,G,C,2.66325257
42,H,G,D,-0.266432454
42,H,G,E,5.094284365
42,H,G,F,7.969088419
42,H,G,G,-5.95e-07
42,H,G,H,8.231897226
42,H,G,K,8.186434852
42,H,G,L,6.351913524
42,H,G,N,1.973866303
42,H,G,P,6.17047419
42,H,G,Q,5.373728609
42,H,G,R,4.487705005
42,H,G,S,3.342267065
42,H,G,T,8.073292196
42,H,G,V,3.263411458
42,H,G,W,5.284703132
42,H,G,Y,4.489773258
43,H,H,A,3.096038889
43,H,H,C,4.761706973
43,H,H,D,1.846396267
43,H,H,E,-0.080180884
43,H,H,F,5.040950177
43,H,H,G,-1.467921092
43,H,H,H,-5.95e-07
43,H,H,I,0.05064087
43,H,H,K,-0.369558593
43,H,H,L,1.474874907
43,H,H,N,1.44401243
43,H,H,P,3.642873407
43,H,H,Q,0.489328601
43,H,H,R,0.706534345
43,H,H,S,4.452946371
43,H,H,T,5.160614681
43,H,H,V,2.453972636
43,H,H,W,5.013021401
43,H,H,Y,-0.665230552
44,H,G,A,-0.448919706
44,H,G,C,2.544064053
44,H,G,D,0.791032675
44,H,G,E,0.334313482
44,H,G,F,5.842851569
44,H,G,G,-5.95e-07
44,H,G,H,4.286458224
44,H,G,K,-0.234357565
44,H,G,L,5.543016941
44,H,G,M,3.855814948
44,H,G,N,0.475974042
44,H,G,P,-0.715567881
44,H,G,Q,0.464421567
44,H,G,R,-0.494590506
44,H,G,S,-0.693460775
44,H,G,T,0.093212238
44,H,G,V,3.856668118
44,H,G,W,4.372242206
45,H,L,A,6.439502635
45,H,L,C,4.387905363
45,H,L,D,6.747622457
45,H,L,E,4.993868969
45,H,L,F,0.154048275
45,H,L,G,6.599253051
45,H,L,H,3.317100953
45,H,L,I,1.096010854
45,H,L,K,4.982378335
45,H,L,L,-5.95e-07
45,H,L,M,0.485894044
45,H,L,N,5.304218416
45,H,L,P,-0.119145626
45,H,L,Q,0.521703855
45,H,L,R,1.24139761
45,H,L,S,4.810234014
45,H,L,T,5.528530874
45,H,L,V,4.903482435
45,H,L,W,4.064567771
45,H,L,Y,4.045405065
46,H,E,A,1.229481329
46,H,E,C,8.279628629
46,H,E,D,1.367978803
46,H,E,E,-5.95e-07
46,H,E,F,8.549138101
46,H,E,G,3.210760642
46,H,E,H,8.341249763
46,H,E,I,8.068070252
46,H,E,K,4.015945532
46,H,E,L,9.573891328
46,H,E,M,8.158131076
46,H,E,N,8.755968077
46,H,E,P,9.189116614
46,H,E,Q,0.37407288
46,H,E,R,9.305001755
46,H,E,S,8.95783423
46,H,E,T,5.890172225
46,H,E,V,3.042201839
46,H,E,W,8.275382338
46,H,E,Y,8.275382338
47,H,W,A,8.776802164
47,H,W,C,1.593727877
47,H,W,D,5.359543974
47,H,W,E,8.457703895
47,H,W,F,4.963010981
47,H,W,G,3.66918113
47,H,W,H,5.480496584
47,H,W,I,7.73577775
47,H,W,K,8.841662798
47,H,W,L,3.522145516
47,H,W,M,7.846234745
47,H,W,N,6.17047419
47,H,W,P,9.134764938
47,H,W,Q,4.516206515
47,H,W,R,4.039121399
47,H,W,S,4.437045897
47,H,W,T,8.792147733
47,H,W,V,5.437701074
47,H,W,W,-5.95e-07
47,H,W,Y,-3.281107504
48,H,I,A,7.317624659
48,H,I,C,8.860802138
48,H,I,D,5.362261367
48,H,I,E,8.740052621
48,H,I,F,3.107531
48,H,I,G,5.672832162
48,H,I,H,5.112482195
48,H,I,I,-5.95e-07
48,H,I,K,4.476167606
48,H,I,L,2.985249731
48,H,I,M,1.513704356
48,H,I,N,2.124381246
48,H,I,P,9.87627319
48,H,I,Q,8.292260376
48,H,I,R,4.107913295
48,H,I,S,2.519350454
48,H,I,T,2.626167453
48,H,I,V,0.34143945
48,H,I,W,8.506156278
48,H,I,Y,6.404353557
49,H,G,A,4.771717067
49,H,G,C,2.436945364
49,H,G,D,1.299571293
49,H,G,E,4.631086791
49,H,G,F,8.611854575
49,H,G,G,-5.95e-07
49,H,G,H,8.32112836
49,H,G,I,-0.943842233
49,H,G,K,8.461243722
49,H,G,L,6.882489855
49,H,G,M,8.181772839
49,H,G,N,5.660152345
49,H,G,P,3.682260998
49,H,G,R,5.308840215
49,H,G,S,2.808510817
49,H,G,T,8.406783805
49,H,G,V,2.373821794
49,H,G,W,7.440769637
49,H,G,Y,8.292260376
50,H,E,A,2.577312608
50,H,E,C,8.353131091
50,H,E,D,1.048974599
50,H,E,E,-5.95e-07
50,H,E,F,6.023703618
50,H,E,G,2.996334259
50,H,E,I,8.218474206
50,H,E,K,3.00325978
50,H,E,L,9.044307828
50,H,E,M,7.713636624
50,H,E,N,6.151242828
50,H,E,P,8.989582928
50,H,E,Q,3.727197571
50,H,E,R,6.409842175
50,H,E,S,8.853667744
50,H,E,T,6.255631998
50,H,E,V,2.933366572
50,H,E,W,5.230085907
50,H,E,Y,7.878391857
51,H,I,A,8.831953984
51,H,I,C,-0.550966723
51,H,I,D,5.779193717
51,H,I,E,8.143672993
51,H,I,F,2.889430075
51,H,I,G,7.03128577
51,H,I,H,8.204868554
51,H,I,I,-5.95e-07
51,H,I,K,5.84431892
51,H,I,L,1.995921419
51,H,I,M,3.000880814
51,H,I,N,2.896822719
51,H,I,P,9.385278244
51,H,I,Q,0.503691971
51,H,I,R,5.261701316
51,H,I,S,1.532693553
51,H,I,T,3.294579234
51,H,I,V,-0.368882946
51,H,I,W,5.654343514
51,H,I,Y,8.258214535
52,H,L,A,8.59654034
52,H,L,D,7.73577775
52,H,L,E,8.093911483
52,H,L,F,5.16283368
52,H,L,G,5.713311469
52,H,L,H,5.559565108
52,H,L,K,6.381480895
52,H,L,L,-5.95e-07
52,H,L,M,0.748516192
52,H,L,N,7.81974313
52,H,L,P,3.345141496
52,H,L,Q,4.741087686
52,H,L,R,3.456075769
52,H,L,S,6.391711163
52,H,L,T,8.526223841
52,H,L,V,2.590217218
52,H,L,W,8.133916818
53,H,P,A,4.410215681
53,H,P,C,8.679428
53,H,P,E,5.481701404
53,H,P,F,5.465006525
53,H,P,G,6.207424755
53,H,P,H,4.957758723
53,H,P,I,5.380746182
53,H,P,K,5.588385546
53,H,P,L,2.497008514
53,H,P,M,4.849869761
53,H,P,N,8.158131076
53,H,P,P,-5.95e-07
53,H,P,Q,1.580353305
53,H,P,R,3.32743678
53,H,P,S,1.843161881
53,H,P,T,1.501094556
53,H,P,V,8.877253743
53,H,P,W,7.991946557
53,H,P,Y,8.114114191
54,H,G,A,2.285025808
54,H,G,C,3.222160001
54,H,G,D,2.609780238
54,H,G,E,6.164104742
54,H,G,F,8.970654918
54,H,G,G,-5.95e-07
54,H,G,H,6.381480895
54,H,G,I,8.041543498
54,H,G,K,6.63250965
54,H,G,L,7.21807162
54,H,G,M,8.399293133
54,H,G,N,8.933894022
54,H,G,P,9.298904175
54,H,G,Q,5.084480365
54,H,G,R,4.81911467
54,H,G,S,4.049202335
54,H,G,T,8.953523878
54,H,G,V,3.989010936
54,H,G,W,5.257082851
54,H,G,Y,8.387950856
56,H,G,A,3.101813617
56,H,G,C,2.629086087
56,H,G,D,-0.665124912
56,H,G,E,0.672994681
56,H,G,F,9.004060947
56,H,G,G,-5.95e-07
56,H,G,I,5.285436002
56,H,G,K,8.39552665
56,H,G,L,7.015047253
56,H,G,M,7.569387015
56,H,G,N,-0.84379525
56,H,G,P,6.882489855
56,H,G,Q,0.577076031
56,H,G,R,2.080000747
56,H,G,S,2.893115072
56,H,G,T,6.036575599
56,H,G,V,3.314691721
56,H,G,W,4.618251582
56,H,G,Y,7.706145952
57,H,S,A,-2.926672033
57,H,S,C,2.43298425
57,H,S,D,4.135399811
57,H,S,E,4.193993975
57,H,S,F,4.458811032
57,H,S,G,1.352586154
57,H,S,H,5.539595382
57,H,S,I,1.846899792
57,H,S,K,6.267226331
57,H,S,L,5.078376582
57,H,S,M,-0.254340996
57,H,S,N,2.84840841
57,H,S,P,2.173630633
57,H,S,Q,7.577970759
57,H,S,R,1.580206573
57,H,S,S,-5.95e-07
57,H,S,T,1.708242598
57,H,S,V,-2.289554595
57,H,S,W,4.858870722
58,H,T,A,2.068582422
58,H,T,E,1.753826566
58,H,T,G,6.671730363
58,H,T,H,4.822536534
58,H,T,K,5.952692582
58,H,T,L,8.258214535
58,H,T,M,0.217960339
58,H,T,N,1.333914595
58,H,T,P,1.618625265
58,H,T,R,5.432190294
58,H,T,S,2.470864565
58,H,T,T,-5.95e-07
58,H,T,V,-0.775801483
58,H,T,W,7.644110561
59,H,Y,A,5.284174172
59,H,Y,C,0.878789588
59,H,Y,D,1.752443071
59,H,Y,E,5.098837321
59,H,Y,F,-1.034860703
59,H,Y,G,2.553599074
59,H,Y,H,2.331180406
59,H,Y,I,6.144749299
59,H,Y,K,6.873100115
59,H,Y,L,5.139469479
59,H,Y,M,8.218474206
59,H,Y,N,2.784957376
59,H,Y,P,6.718250378
59,H,Y,Q,5.990055583
59,H,Y,R,5.838579275
59,H,Y,S,1.175508906
59,H,Y,T,5.658453109
59,H,Y,V,5.706168582
59,H,Y,W,-1.774663185
59,H,Y,Y,-5.95e-07
60,H,Y,A,-1.282819113
60,H,Y,C,-1.436117795
60,H,Y,D,0.32348565
60,H,Y,E,0.314754786
60,H,Y,F,1.708364192
60,H,Y,G,5.95748301
60,H,Y,H,0.355729797
60,H,Y,I,-1.608767979
60,H,Y,K,2.716057866
60,H,Y,L,-0.21168739
60,H,Y,M,3.914409113
60,H,Y,N,1.365275532
60,H,Y,P,4.053450161
60,H,Y,R,6.146299206
60,H,Y,S,1.250777577
60,H,Y,T,-2.012087028
60,H,Y,V,-2.888146928
60,H,Y,W,7.63607839
60,H,Y,Y,-5.95e-07
61,H,N,A,-1.081470795
61,H,N,E,2.734007391
61,H,N,G,1.765205764
61,H,N,H,0.815436404
61,H,N,I,1.905236767
61,H,N,K,0.769992199
61,H,N,L,5.20499639
61,H,N,M,7.497928051
61,H,N,N,-5.95e-07
61,H,N,P,5.848106804
61,H,N,Q,5.454854154
61,H,N,R,1.373626564
61,H,N,S,0.014486755
61,H,N,T,1.853169132
61,H,N,V,5.213692097
61,H,N,W,7.479235918
61,H,N,Y,1.572423596
62,H,E,A,1.006741615
62,H,E,C,7.63607839
62,H,E,D,0.773285802
62,H,E,E,-5.95e-07
62,H,E,F,7.51627719
62,H,E,G,2.90152861
62,H,E,H,3.819510371
62,H,E,I,5.523847025
62,H,E,K,-0.646084595
62,H,E,L,5.811529098
62,H,E,M,8.088796383
62,H,E,N,-0.202120566
62,H,E,P,1.611329093
62,H,E,Q,2.969000982
62,H,E,R,-0.409687551
62,H,E,S,1.352121544
62,H,E,T,0.840182508
62,H,E,V,2.016127013
62,H,E,Y,7.667827088
63,H,K,A,0.325738753
63,H,K,C,5.373728609
63,H,K,D,2.717999081
63,H,K,E,1.744031785
63,H,K,G,2.210344781
63,H,K,H,0.726309754
63,H,K,I,3.032325136
63,H,K,K,-5.95e-07
63,H,K,L,1.778306389
63,H,K,M,5.300703474
63,H,K,N,0.314328823
63,H,K,P,2.290396489
63,H,K,Q,0.690361499
63,H,K,R,-0.216137331
63,H,K,S,5.488302088
63,H,K,T,1.239579218
63,H,K,V,1.668094925
63,H,K,Y,4.444103221
64,H,F,A,1.623439126
64,H,F,C,2.848452787
64,H,F,D,5.769759685
64,H,F,E,8.271117939
64,H,F,F,-5.95e-07
64,H,F,G,6.534003893
64,H,F,H,8.726593468
64,H,F,I,3.01453141
64,H,F,K,8.104063855
64,H,F,L,1.335327216
64,H,F,M,5.57695685
64,H,F,N,8.495969433
64,H,F,P,9.917472796
64,H,F,Q,6.084328239
64,H,F,R,6.179803177
64,H,F,S,3.620328635
64,H,F,T,8.881904914
64,H,F,V,2.289784611
64,H,F,W,6.502400964
64,H,F,Y,-0.389585227
65,H,K,A,0.189120069
65,H,K,C,4.533448321
65,H,K,E,-0.564075495
65,H,K,G,5.555849756
65,H,K,H,3.084060811
65,H,K,I,1.775662733
65,H,K,K,-5.95e-07
65,H,K,L,4.855233031
65,H,K,M,1.546606381
65,H,K,N,0.116981332
65,H,K,P,2.275681055
65,H,K,Q,0.558219993
65,H,K,R,0.541487181
65,H,K,S,1.981588156
65,H,K,T,0.637786553
65,H,K,V,8.676583048
65,H,K,W,7.963291301
65,H,K,Y,5.137250401
66,H,G,A,3.394785099
66,H,G,C,1.960806618
66,H,G,D,-0.081795182
66,H,G,E,0.769682286
66,H,G,F,7.627981179
66,H,G,G,-5.95e-07
66,H,G,H,6.176803325
66,H,G,I,7.933790636
66,H,G,K,5.986246055
66,H,G,L,3.838326806
66,H,G,N,0.180053661
66,H,G,P,6.663916027
66,H,G,Q,7.543184643
66,H,G,R,3.031238155
66,H,G,S,0.306884535
66,H,G,T,0.97148368
66,H,G,V,2.887770324
66,H,G,W,7.61158737
66,H,G,Y,5.205393294
67,H,K,A,5.24354506
67,H,K,C,7.594920317
67,H,K,E,2.5767467
67,H,K,F,7.986280819
67,H,K,G,8.387950856
67,H,K,H,3.347348578
67,H,K,I,2.720939031
67,H,K,K,-5.95e-07
67,H,K,L,6.450987773
67,H,K,N,0.740132247
67,H,K,P,0.501659666
67,H,K,Q,1.136545864
67,H,K,R,3.323197787
67,H,K,S,6.679393236
67,H,K,T,1.52322413
67,H,K,V,8.129002803
67,H,K,Y,5.664925623
68,H,A,A,-5.95e-07
68,H,A,D,4.294464505
68,H,A,E,0.387016063
68,H,A,G,3.373042006
68,H,A,H,5.986246055
68,H,A,K,5.69601621
68,H,A,L,5.670174979
68,H,A,M,4.964231237
68,H,A,N,5.576409355
68,H,A,P,4.182090518
68,H,A,Q,5.69090111
68,H,A,R,5.997631377
68,H,A,S,2.73040174
68,H,A,T,-0.021565043
68,H,A,V,-0.308517399
68,H,A,Y,7.534295695
69,H,T,A,0.415217612
69,H,T,C,1.948231112
69,H,T,D,-0.187612671
69,H,T,E,-0.418387239
69,H,T,F,5.369696345
69,H,T,G,2.241844966
69,H,T,H,0.519505503
69,H,T,I,0.546209226
69,H,T,K,-0.412048092
69,H,T,L,-0.27196371
69,H,T,M,0.642940838
69,H,T,N,-1.15426086
69,H,T,P,2.026998856
69,H,T,Q,-0.092429207
69,H,T,R,0.136215529
69,H,T,S,-0.426921431
69,H,T,T,-5.95e-07
69,H,T,V,0.272035964
69,H,T,W,8.041543498
69,H,T,Y,4.73560822
70,H,F,A,6.012612931
70,H,F,C,3.639396893
70,H,F,D,8.577848207
70,H,F,E,7.915663252
70,H,F,F,-5.95e-07
70,H,F,G,9.345215662
70,H,F,H,8.372624886
70,H,F,I,1.138570469
70,H,F,K,5.246215289
70,H,F,L,0.833509512
70,H,F,M,5.042874365
70,H,F,N,5.727111756
70,H,F,P,6.585418042
70,H,F,Q,7.81974313
70,H,F,R,9.052166414
70,H,F,S,2.977220263
70,H,F,T,6.56850432
70,H,F,V,1.202650626
70,H,F,W,8.062820896
70,H,F,Y,1.71579661
71,H,T,A,2.202899669
71,H,T,C,8.093911483
71,H,T,D,-0.327963528
71,H,T,E,4.712916809
71,H,T,F,5.042874365
71,H,T,G,5.993850654
71,H,T,H,2.594307533
71,H,T,I,2.014515201
71,H,T,L,8.983313315
71,H,T,M,7.460187723
71,H,T,N,0.898999911
71,H,T,P,0.110447362
71,H,T,R,4.529418089
71,H,T,S,-0.079139663
71,H,T,T,-5.95e-07
71,H,T,V,7.852749426
71,H,T,W,5.73110753
72,H,A,A,-5.95e-07
72,H,A,C,2.313186673
72,H,A,D,-2.93541026
72,H,A,E,0.807837128
72,H,A,F,6.307965984
72,H,A,G,3.457684426
72,H,A,H,4.934932964
72,H,A,I,6.204798933
72,H,A,K,5.491057202
72,H,A,L,6.724588809
72,H,A,M,8.740052621
72,H,A,N,4.485132878
72,H,A,P,2.399936612
72,H,A,Q,5.978583182
72,H,A,R,3.78540603
72,H,A,S,-1.281984661
72,H,A,T,1.701764029
72,H,A,V,3.633544981
72,H,A,W,5.997874805
72,H,A,Y,2.16403486
73,H,D,A,0.844729086
73,H,D,C,5.182920438
73,H,D,D,-5.95e-07
73,H,D,E,0.878030684
73,H,D,F,6.36332216
73,H,D,G,3.544685731
73,H,D,H,3.595711687
73,H,D,I,7.603288567
73,H,D,K,3.367532351
73,H,D,L,6.69829739
73,H,D,M,8.138806803
73,H,D,N,-1.409831461
73,H,D,P,6.705760111
73,H,D,Q,7.903393159
73,H,D,R,9.170166865
73,H,D,S,5.624317556
73,H,D,T,3.353483567
73,H,D,V,3.188812622
73,H,D,W,8.124064521
73,H,D,Y,1.655105368
74,H,T,A,1.483973627
74,H,T,C,1.700844303
74,H,T,D,4.144689669
74,H,T,E,0.726257918
74,H,T,F,2.184198155
74,H,T,G,2.468699428
74,H,T,H,4.791810751
74,H,T,I,0.640029358
74,H,T,K,4.211992256
74,H,T,L,0.68101983
74,H,T,M,-2.057192159
74,H,T,N,1.730690739
74,H,T,P,1.023511731
74,H,T,Q,6.409366098
74,H,T,R,5.009165975
74,H,T,S,1.415845491
74,H,T,T,-5.95e-07
74,H,T,V,1.050205612
74,H,T,W,6.32520779
74,H,T,Y,6.059132946
75,H,S,A,0.027445384
75,H,S,C,2.484361278
75,H,S,D,-0.780371112
75,H,S,E,-0.372936577
75,H,S,F,1.372646027
75,H,S,G,-0.14517024
75,H,S,H,0.502977601
75,H,S,I,0.524915707
75,H,S,K,2.813625271
75,H,S,L,0.972973086
75,H,S,M,2.656208393
75,H,S,N,0.198629914
75,H,S,P,2.689745055
75,H,S,Q,-0.544064642
75,H,S,R,1.116737838
75,H,S,S,-5.95e-07
75,H,S,T,-0.264684335
75,H,S,V,0.93479421
75,H,S,W,3.134005487
75,H,S,Y,0.35379284
76,H,S,A,-0.196601811
76,H,S,C,1.25298061
76,H,S,D,0.403150741
76,H,S,E,-0.239788317
76,H,S,F,1.785194928
76,H,S,G,6.248742904
76,H,S,H,0.264603664
76,H,S,I,-0.755273334
76,H,S,K,-0.953906283
76,H,S,L,-0.492743758
76,H,S,N,-0.940937783
76,H,S,P,1.425629706
76,H,S,Q,0.454942823
76,H,S,R,0.09721405
76,H,S,S,-5.95e-07
76,H,S,T,0.438583554
76,H,S,V,-1.188374396
76,H,S,W,4.540864919
76,H,S,Y,0.347253954
80,H,Y,A,5.690763284
80,H,Y,C,1.985596733
80,H,Y,D,2.858825309
80,H,Y,E,5.354740385
80,H,Y,F,0.944475934
80,H,Y,G,7.043930687
80,H,Y,H,3.573442549
80,H,Y,I,7.007864111
80,H,Y,L,8.509731563
80,H,Y,M,7.780544446
80,H,Y,P,7.77132779
80,H,Y,Q,7.458644416
80,H,Y,R,8.282153414
80,H,Y,S,3.720000613
80,H,Y,T,5.379586383
80,H,Y,V,6.138826264
80,H,Y,W,0.867486227
80,H,Y,Y,-2.13e-06
94,H,Y,A,8.117453459
94,H,Y,C,2.311857292
94,H,Y,D,2.620361841
94,H,Y,E,4.744861193
94,H,Y,F,3.137648947
94,H,Y,G,9.374573733
94,H,Y,H,3.718805723
94,H,Y,I,6.69106464
94,H,Y,K,4.540773217
94,H,Y,L,8.691315384
94,H,Y,N,4.354654451
94,H,Y,P,8.812781665
94,H,Y,Q,5.623374262
94,H,Y,R,8.384175029
94,H,Y,S,2.275076552
94,H,Y,T,5.027396574
94,H,Y,V,8.520003113
94,H,Y,W,3.668584859
94,H,Y,Y,-2.13e-06
96,H,C,A,5.670331245
96,H,C,C,-2.13e-06
96,H,C,D,6.761268899
96,H,C,E,7.585295654
96,H,C,F,2.853519276
96,H,C,G,3.066020555
96,H,C,H,8.248251863
96,H,C,I,7.242857703
96,H,C,K,7.848517429
96,H,C,L,5.681075333
96,H,C,M,7.746326488
96,H,C,N,5.608846162
96,H,C,P,6.644544625
96,H,C,Q,7.592703096
96,H,C,R,4.293995473
96,H,C,S,4.204202662
96,H,C,T,8.613320599
96,H,C,V,6.002863884
96,H,C,W,4.103763956
96,H,C,Y,3.153048035
98,H,R,A,8.617302024
98,H,R,C,3.570585515
98,H,R,D,7.65006649
98,H,R,E,7.862702064
98,H,R,F,6.891134103
98,H,R,G,5.49099428
98,H,R,H,2.165242959
98,H,R,I,7.084334475
98,H,R,K,8.267227764
98,H,R,L,5.010822958
98,H,R,M,8.07962915
98,H,R,P,4.719354955
98,H,R,Q,7.97703628
98,H,R,R,-2.13e-06
98,H,R,S,2.201669517
98,H,R,T,5.584153549
98,H,R,V,6.442815168
98,H,R,W,6.373746628
98,H,R,Y,5.172418828
99,H,G,A,5.046748287
99,H,G,C,3.397579227
99,H,G,D,3.742464378
99,H,G,E,8.248251863
99,H,G,F,6.301993342
99,H,G,G,-2.13e-06
99,H,G,H,8.128311329
99,H,G,I,5.252171218
99,H,G,K,8.439473669
99,H,G,L,9.405157156
99,H,G,M,8.021269535
99,H,G,N,8.481307809
99,H,G,P,5.782504483
99,H,G,Q,7.834128692
99,H,G,R,5.245523248
99,H,G,S,4.901500562
99,H,G,T,8.990918735
99,H,G,V,4.380180745
99,H,G,W,6.065035296
99,H,G,Y,8.426734643
101,H,G,A,4.29755534
101,H,G,C,3.662365318
101,H,G,D,2.90840056
101,H,G,E,7.828314722
101,H,G,F,6.814524827
101,H,G,G,-2.13e-06
101,H,G,H,6.342620196
101,H,G,I,8.156002129
101,H,G,K,7.859881188
101,H,G,L,6.963039584
101,H,G,M,8.269105699
101,H,G,N,9.317049889
101,H,G,P,6.232334129
101,H,G,Q,7.851370498
101,H,G,R,4.444719266
101,H,G,S,4.691611715
101,H,G,T,6.852508612
101,H,G,V,5.533878412
101,H,G,W,5.494881554
101,H,G,Y,5.364426773
102,H,N,A,-0.043906737
102,H,N,C,2.000501711
102,H,N,D,1.921761053
102,H,N,E,3.03496174
102,H,N,F,-3.308402289
102,H,N,G,3.674631287
102,H,N,H,-2.478647829
102,H,N,I,0.55381056
102,H,N,K,2.085768359
102,H,N,L,3.536078415
102,H,N,M,4.584416506
102,H,N,N,-2.13e-06
102,H,N,P,2.498155217
102,H,N,Q,3.715652369
102,H,N,R,3.756573188
102,H,N,S,-0.185736799
102,H,N,T,2.39774
102,H,N,V,3.579907823
102,H,N,W,-2.064236581
102,H,N,Y,-3.515059908
103,H,Y,A,5.725983744
103,H,Y,C,4.648575902
103,H,Y,D,4.104340196
103,H,Y,E,8.023670496
103,H,Y,F,4.45969018
103,H,Y,G,5.60741742
103,H,Y,H,3.72518533
103,H,Y,I,5.832964847
103,H,Y,K,7.936004883
103,H,Y,L,6.106642597
103,H,Y,M,4.940023264
103,H,Y,N,4.697695068
103,H,Y,P,6.841193074
103,H,Y,Q,7.07198864
103,H,Y,R,8.883225916
103,H,Y,S,2.43565164
103,H,Y,T,6.082545046
103,H,Y,V,6.767413312
103,H,Y,W,8.090903227
103,H,Y,Y,-2.13e-06
104,H,G,A,-3.506456583
104,H,G,C,-0.91113956
104,H,G,D,0.1773186
104,H,G,E,-4.100742618
104,H,G,F,-1.251889422
104,H,G,G,-2.13e-06
104,H,G,H,-2.816640613
104,H,G,I,-2.892786962
104,H,G,K,-3.96418876
104,H,G,L,-3.569868557
104,H,G,M,-3.666078895
104,H,G,N,-2.494602637
104,H,G,P,1.444282027
104,H,G,Q,-3.353617076
104,H,G,R,-3.37720076
104,H,G,S,1.179728884
104,H,G,T,1.666712434
104,H,G,V,-2.913939149
104,H,G,W,1.067129722
104,H,G,Y,-1.868925856
105,H,Y,A,9.11425706
105,H,Y,C,4.362954005
105,H,Y,D,3.001653413
105,H,Y,E,7.278851305
105,H,Y,F,0.613273931
105,H,Y,G,8.927898356
105,H,Y,H,4.428635507
105,H,Y,I,5.811289122
105,H,Y,K,5.220310116
105,H,Y,L,6.26961886
105,H,Y,M,7.930755527
105,H,Y,N,5.036972385
105,H,Y,P,7.280686168
105,H,Y,Q,7.313594254
105,H,Y,R,8.555849245
105,H,Y,S,2.79816802
105,H,Y,T,8.951880321
105,H,Y,V,6.041126214
105,H,Y,W,8.108681473
105,H,Y,Y,-2.13e-06
106,H,W,A,6.522205773
106,H,W,C,2.797675715
106,H,W,D,7.471223198
106,H,W,E,5.566498614
106,H,W,F,5.741157298
106,H,W,G,2.570682451
106,H,W,H,7.205520032
106,H,W,I,7.253274464
106,H,W,K,5.136377243
106,H,W,L,5.580910591
106,H,W,M,8.60664946
106,H,W,N,8.341469991
106,H,W,P,6.313138897
106,H,W,Q,8.309552388
106,H,W,R,3.632061541
106,H,W,S,5.38685149
106,H,W,T,8.634374008
106,H,W,V,5.695993031
106,H,W,W,-2.13e-06
106,H,W,Y,8.29320325
107,H,G,A,3.975369873
107,H,G,C,3.483574138
107,H,G,D,1.955798159
107,H,G,E,4.823797619
107,H,G,F,8.817129498
107,H,G,G,-2.13e-06
107,H,G,H,8.746353197
107,H,G,I,5.146571011
107,H,G,K,4.479451326
107,H,G,L,7.641477285
107,H,G,M,8.174733166
107,H,G,N,5.413760563
107,H,G,P,7.0579899
107,H,G,Q,5.745421697
107,H,G,R,4.014867249
107,H,G,S,3.663491761
107,H,G,T,5.576787778
107,H,G,V,4.274678856
107,H,G,W,5.656474211
107,H,G,Y,7.697694539
108,H,Q,A,5.233946576
108,H,Q,C,5.422488145
108,H,Q,D,4.348474213
108,H,Q,E,1.164655983
108,H,Q,F,9.160703818
108,H,Q,G,2.75837154
108,H,Q,H,3.287775208
108,H,Q,I,5.459157059
108,H,Q,K,0.661887405
108,H,Q,L,3.62391864
108,H,Q,M,0.333630246
108,H,Q,N,0.885943332
108,H,Q,P,3.022177021
108,H,Q,Q,-2.13e-06
108,H,Q,R,3.911406372
108,H,Q,S,7.088786347
108,H,Q,T,4.623342371
108,H,Q,V,6.506426353
108,H,Q,W,8.407316557
108,H,Q,Y,6.068121719
109,H,G,A,4.412044703
109,H,G,C,2.66789999
109,H,G,D,3.173015235
109,H,G,E,5.516944799
109,H,G,F,5.373432518
109,H,G,G,-2.13e-06
109,H,G,H,7.717432022
109,H,G,I,8.084154045
109,H,G,K,7.996937434
109,H,G,L,9.276090823
109,H,G,M,7.83702305
109,H,G,P,8.063628809
109,H,G,Q,7.475381208
109,H,G,R,3.64410646
109,H,G,S,3.780965384
109,H,G,T,6.434304478
109,H,G,V,3.186415921
109,H,G,W,4.589901276
109,H,G,Y,7.04683008
110,H,T,A,-2.068510845
110,H,T,G,7.149639574
110,H,T,H,-3.068763751
110,H,T,L,3.188657357
110,H,T,N,0.130494743
110,H,T,P,0.483548296
110,H,T,R,2.211255637
110,H,T,S,0.275914887
110,H,T,T,-2.13e-06
22,L,S,A,2.84857277201876
22,L,S,C,3.66665489473552
22,L,S,D,3.33159465847982
22,L,S,E,-0.480114823038963
22,L,S,F,3.28660483955787
22,L,S,G,6.17065049245751
22,L,S,H,-2.62896873326045
22,L,S,I,-0.0865008088779434
22,L,S,K,-1.44027420860802
22,L,S,L,1.13729926432866
22,L,S,M,0.581514499363889
22,L,S,N,0.10356977209644
22,L,S,P,1.87190089214819
22,L,S,Q,1.01912473980327
22,L,S,R,-1.19990985959298
22,L,S,S,-7.71176209485015e-07
22,L,S,T,-1.78527180032775
22,L,S,V,-0.516148376938232
22,L,S,W,1.17704367802614
22,L,S,Y,-0.593356354600569
23,L,C,A,7.71236121199738
23,L,C,C,-7.71176209485015e-07
23,L,C,D,5.95252222401941
23,L,C,E,8.99109362564028
23,L,C,F,3.92336936455989
23,L,C,G,4.3223062737815
23,L,C,H,8.68643321665408
23,L,C,I,6.11982203911753
23,L,C,K,6.6504502901797
23,L,C,L,6.36541442197119
23,L,C,M,8.62037146597598
23,L,C,N,6.958589409621
23,L,C,P,9.96685957669545
23,L,C,Q,5.8303365396666
23,L,C,R,4.43391870706981
23,L,C,S,4.47800145476533
23,L,C,T,9.7494104412748
23,L,C,V,7.22829545655142
23,L,C,W,3.74421181110859
23,L,C,Y,2.79891992227131
24,L,R,A,6.23212609193648
24,L,R,C,3.12010323200017
24,L,R,D,5.41644785986465
24,L,R,E,6.43595648044497
24,L,R,F,6.68979037867979
24,L,R,G,4.29858387224811
24,L,R,H,-2.02628126342362
24,L,R,I,3.31039948117571
24,L,R,K,-1.18619200863133
24,L,R,L,4.72654741258678
24,L,R,M,5.39791995195834
24,L,R,N,-0.282415932474769
24,L,R,P,4.74709828891377
24,L,R,Q,3.42464487895782
24,L,R,R,-7.71176209485015e-07
24,L,R,S,1.80883799939269
24,L,R,T,1.59860201483435
24,L,R,V,6.33313496236776
24,L,R,W,5.97642415106653
24,L,R,Y,1.95554674072631
25,L,A,A,-7.71176209485015e-07
25,L,A,C,6.17843085207143
25,L,A,D,4.50719941061591
25,L,A,E,1.08663450049195
25,L,A,F,6.51805384263217
25,L,A,G,5.02335166554193
25,L,A,H,6.28625222857485
25,L,A,I,4.8121341727306
25,L,A,K,5.23380784286194
25,L,A,L,6.46056989481597
25,L,A,M,5.82689241709557
25,L,A,N,3.63264748369928
25,L,A,P,4.00455268178364
25,L,A,Q,4.80795356463504
25,L,A,R,5.05188657294559
25,L,A,S,-1.17179474718764
25,L,A,T,-0.462313684838151
25,L,A,V,2.91691736733055
25,L,A,W,6.16498978950241
25,L,A,Y,4.66208336270334
26,L,S,A,1.2045109501694
26,L,S,C,3.26579502086974
26,L,S,D,0.566152002634616
26,L,S,E,6.14448326093992
26,L,S,F,2.59920678454701
26,L,S,G,1.77008731533066
26,L,S,H,4.10663195163554
26,L,S,I,3.96538657328018
26,L,S,K,1.42930508040452
26,L,S,L,5.56247639971665
26,L,S,M,6.61813730118916
26,L,S,N,-1.38258786344119
26,L,S,P,4.10854946823126
26,L,S,Q,9.43292637791931
26,L,S,R,3.51954396167223
26,L,S,S,-7.71176209485015e-07
26,L,S,T,3.24425166152363
26,L,S,V,6.30591444882063
26,L,S,W,4.76158304817818
26,L,S,Y,1.84842278693672
27,L,Q,A,0.612808772218944
27,L,Q,C,5.65568121635386
27,L,Q,D,4.43960871140256
27,L,Q,E,-0.585111258559518
27,L,Q,F,6.58813505088536
27,L,Q,G,1.64825638284117
27,L,Q,H,-0.719042436269459
27,L,Q,I,6.15435402265991
27,L,Q,K,-0.992591496969015
27,L,Q,L,3.89700943234178
27,L,Q,M,4.49405595985702
27,L,Q,N,1.22461224922777
27,L,Q,P,2.52780221686865
27,L,Q,Q,-7.71176209485015e-07
27,L,Q,R,-0.949936921033665
27,L,Q,S,-0.607828944236629
27,L,Q,T,-0.324386823047847
27,L,Q,V,1.32534019377858
27,L,Q,W,5.62902778913246
27,L,Q,Y,3.29736148683758
28,L,S,A,1.51277050708813
28,L,S,C,1.85329705365327
28,L,S,D,-2.47699128118791
28,L,S,F,-0.151588590324278
28,L,S,G,0.0521020955767789
28,L,S,H,-1.14129018532938
28,L,S,K,0.576840352481254
28,L,S,L,5.18638426149084
28,L,S,N,-2.61698827597311
28,L,S,P,-1.83719912307252
28,L,S,R,3.98825387501043
28,L,S,S,-7.71176209485015e-07
28,L,S,T,1.85091320289794
28,L,S,V,5.40481606474509
28,L,S,W,-0.261215856252548
28,L,S,Y,-0.454387258946614
29,L,I,A,7.70352625668258
29,L,I,C,6.93015147430047
29,L,I,D,9.13800314421097
29,L,I,E,9.37729468193317
29,L,I,F,4.49318600058149
29,L,I,G,2.0985336566642
29,L,I,H,6.22247619317761
29,L,I,I,-7.71176209485015e-07
29,L,I,K,9.69927868356476
29,L,I,L,2.59868637622512
29,L,I,M,4.74586903245904
29,L,I,N,4.71141273195613
29,L,I,P,7.9895430498153
29,L,I,Q,6.46590049754418
29,L,I,R,10.0891445895672
29,L,I,S,4.81286757943747
29,L,I,T,4.76645717807008
29,L,I,V,4.28171442470573
29,L,I,W,6.25605248871122
29,L,I,Y,9.16382954377087
31,L,N,A,6.51881463272008
31,L,N,C,6.73134869132272
31,L,N,D,1.94081799492043
31,L,N,E,1.33272738651597
31,L,N,F,6.39809706940155
31,L,N,G,-0.869863743482082
31,L,N,H,2.70380280013833
31,L,N,I,3.49803218229973
31,L,N,K,1.25058268818352
31,L,N,L,7.02877575347544
31,L,N,M,5.33774359268083
31,L,N,N,-7.71176209485015e-07
31,L,N,P,7.83823554655051
31,L,N,Q,4.98558027712479
31,L,N,R,1.91799664122587
31,L,N,S,-0.211173975994421
31,L,N,T,1.18770004992307
31,L,N,V,5.58290071255863
31,L,N,W,8.73977919735937
31,L,N,Y,4.12897834166263
32,L,N,A,5.28792702298082
32,L,N,C,5.55710642115513
32,L,N,D,2.33901741473907
32,L,N,E,2.52818461166971
32,L,N,F,6.77580045389356
32,L,N,G,-2.07925639569339
32,L,N,H,-2.03697065069321
32,L,N,I,3.48398982517669
32,L,N,K,2.6757103079827
32,L,N,L,7.56705893653754
32,L,N,M,5.76828189465084
32,L,N,N,-7.71176209485015e-07
32,L,N,P,5.04187917930233
32,L,N,Q,-1.66126050563994
32,L,N,R,4.41160552119738
32,L,N,S,0.605113928974771
32,L,N,T,2.08353265124834
32,L,N,V,3.87006989436822
32,L,N,W,5.08095764542647
32,L,N,Y,3.04472831908031
33,L,L,A,7.63108079530247
33,L,L,C,8.28096810854591
33,L,L,D,9.01931126544923
33,L,L,E,9.36114669552519
33,L,L,F,4.59442471422952
33,L,L,G,7.43670976417661
33,L,L,H,6.50474293228004
33,L,L,I,-0.101933203301931
33,L,L,K,6.34495141162886
33,L,L,L,-7.71176209485015e-07
33,L,L,M,1.60326670533476
33,L,L,N,7.2451025748678
33,L,L,P,4.43137020592192
33,L,L,Q,4.79238904809393
33,L,L,R,4.54297589431117
33,L,L,S,5.65710499367157
33,L,L,T,5.57426756541393
33,L,L,V,0.617362174038782
33,L,L,W,5.52443902732348
33,L,L,Y,8.2173424126657
34,L,H,A,5.99555939149677
34,L,H,C,5.87274572159169
34,L,H,D,2.07598613021599
34,L,H,E,6.93972092531662
34,L,H,F,8.12966724540941
34,L,H,G,6.90259632407687
34,L,H,H,-7.71176209485015e-07
34,L,H,I,7.487016228864
34,L,H,K,7.21029317020194
34,L,H,L,4.43049242069061
34,L,H,M,8.572921866263
34,L,H,N,3.578442875258
34,L,H,P,2.8148839223898
34,L,H,Q,3.61793610952525
34,L,H,R,3.54212193753596
34,L,H,S,6.13719424040647
34,L,H,T,5.5914599659543
34,L,H,V,8.91231274778716
34,L,H,W,8.56779364989608
34,L,H,Y,2.36059222361988
36,L,Y,A,9.21561501402001
36,L,Y,C,1.70039845922584
36,L,Y,D,1.8335206079306
36,L,Y,E,4.61458920658625
36,L,Y,F,3.12751995558019
36,L,Y,G,6.32120610893687
36,L,Y,H,1.94006726113001
36,L,Y,I,7.70507033520347
36,L,Y,K,6.05048524987844
36,L,Y,L,5.59507964882055
36,L,Y,M,8.73703319832104
36,L,Y,N,3.55884683451396
36,L,Y,P,6.18736148216727
36,L,Y,Q,4.73501562808555
36,L,Y,R,6.35395119003148
36,L,Y,S,3.17888577364913
36,L,Y,T,5.72695769303869
36,L,Y,V,6.48285781090653
36,L,Y,W,5.03807756123002
36,L,Y,Y,-5.21093744476767e-07
37,L,Q,A,4.85417531829807
37,L,Q,C,4.33598386619684
37,L,Q,D,3.16544859635243
37,L,Q,E,2.02366927620505
37,L,Q,F,-3.09042428336606
37,L,Q,G,5.14084546545733
37,L,Q,H,-2.36904660903244
37,L,Q,I,-1.83909703427468
37,L,Q,K,1.26200376281328
37,L,Q,L,-0.719810121530435
37,L,Q,M,-0.389748759341102
37,L,Q,N,4.08340480755687
37,L,Q,P,3.84234115876761
37,L,Q,Q,-5.21093744476767e-07
37,L,Q,R,-0.86632364748053
37,L,Q,S,2.5615514585293
37,L,Q,T,6.10161870744585
37,L,Q,V,-3.00111693244297
37,L,Q,W,-1.05343911562339
37,L,Q,Y,-2.57947843537063
39,L,K,A,6.19655138964938
39,L,K,C,3.75826751565155
39,L,K,D,6.19082194620289
39,L,K,E,2.55882198191748
39,L,K,F,5.89252567250934
39,L,K,G,6.12407360653593
39,L,K,H,5.09048744374601
39,L,K,I,3.78152472860322
39,L,K,K,-5.21093744476767e-07
39,L,K,L,6.00301239948827
39,L,K,M,6.20727706692934
39,L,K,N,3.08893692413318
39,L,K,P,6.03612543324596
39,L,K,Q,2.23819643936789
39,L,K,R,0.974788375531121
39,L,K,S,3.5804425288446
39,L,K,T,3.46380169615169
39,L,K,V,6.01840591839834
39,L,K,W,8.25736008304682
39,L,K,Y,8.00814429142284
40,L,S,A,-1.59489607571463
40,L,S,C,2.59863561529648
40,L,S,D,-2.0276882065745
40,L,S,E,-2.28357777633466
40,L,S,F,5.9284576817354
40,L,S,G,-2.31595210338033
40,L,S,H,2.9031889508106
40,L,S,I,2.44737028979957
40,L,S,K,0.0077595128096674
40,L,S,L,2.76366451929124
40,L,S,M,5.67798323670422
40,L,S,N,-2.34030634706906
40,L,S,P,-2.58019556906416
40,L,S,Q,4.23297224780798
40,L,S,R,1.1210286757876
40,L,S,S,-5.21093744476767e-07
40,L,S,T,0.296749195611715
40,L,S,V,3.41962108710084
40,L,S,W,3.43210681820779
40,L,S,Y,4.51393505319283
43,L,S,A,-2.22347180831123
43,L,S,C,3.12274812032993
43,L,S,D,4.44849031669993
43,L,S,E,0.410879454318489
43,L,S,F,3.06950010344494
43,L,S,G,6.07936010434693
43,L,S,H,1.33182352046081
43,L,S,I,5.07484748880964
43,L,S,K,0.228256115623405
43,L,S,L,4.24565577119029
43,L,S,M,5.5502098370076
43,L,S,N,6.09355498371856
43,L,S,P,-1.9774817371791
43,L,S,Q,4.5509385281715
43,L,S,R,1.25664900897705
43,L,S,S,-5.21093744476767e-07
43,L,S,T,3.39280999933123
43,L,S,V,4.58382196549526
43,L,S,W,4.0639635218744
43,L,S,Y,2.12891362173537
44,L,P,A,3.84851157864706
44,L,P,C,5.24312304091225
44,L,P,D,5.9478757675925
44,L,P,E,8.05294756843867
44,L,P,F,6.87943397159745
44,L,P,G,5.75305888595198
44,L,P,H,1.36572921651957
44,L,P,I,5.84251525193468
44,L,P,K,6.08883145488679
44,L,P,L,3.43344784336801
44,L,P,M,4.63568937862633
44,L,P,N,6.22054181558782
44,L,P,P,-5.21093744476767e-07
44,L,P,Q,5.16631762968851
44,L,P,R,3.76280823997268
44,L,P,S,2.56845668307341
44,L,P,T,2.2157717149277
44,L,P,V,7.49010493033315
44,L,P,Y,4.34707772209646
45,L,R,A,5.874794069892
45,L,R,C,2.49992559562029
45,L,R,D,6.55993803090047
45,L,R,E,6.02563353372268
45,L,R,F,6.55366185967123
45,L,R,G,5.00714147843205
45,L,R,H,2.61473427222997
45,L,R,I,4.64322394754827
45,L,R,K,-0.479436194942772
45,L,R,L,2.58943718860632
45,L,R,M,6.48189193832661
45,L,R,N,3.87603882529789
45,L,R,P,4.22764860908137
45,L,R,Q,3.79950960682311
45,L,R,R,-5.21093744476767e-07
45,L,R,S,3.65206610829721
45,L,R,T,5.10873822504539
45,L,R,V,1.34588056486499
45,L,R,W,7.16711604404923
45,L,R,Y,5.39766681582614
46,L,L,A,5.80789100489755
46,L,L,C,8.69317234754428
46,L,L,D,6.26352837643133
46,L,L,E,6.19232910549346
46,L,L,F,5.18737386259248
46,L,L,G,6.75896877072112
46,L,L,H,5.73430166729444
46,L,L,I,5.26325294527846
46,L,L,K,4.85031751380513
46,L,L,L,-5.21093744476767e-07
46,L,L,M,2.17538829981855
46,L,L,N,5.00007644305141
46,L,L,P,3.26915687922507
46,L,L,Q,4.34100768141881
46,L,L,R,3.20344346027145
46,L,L,S,5.42546861624852
46,L,L,T,5.67478343088501
46,L,L,V,2.82438593083473
46,L,L,W,5.92883109473451
46,L,L,Y,4.96787330255677
47,L,L,A,6.15793156528238
47,L,L,C,6.69892894572989
47,L,L,D,8.36103851252166
47,L,L,E,5.67015611504182
47,L,L,F,5.49782345978998
47,L,L,G,6.53896683788557
47,L,L,H,6.2144576680042
47,L,L,I,5.65555100731218
47,L,L,K,5.74198184961307
47,L,L,L,-5.21093744476767e-07
47,L,L,M,1.56410048767276
47,L,L,N,6.14767195490972
47,L,L,P,2.68271699175269
47,L,L,Q,4.34957593394718
47,L,L,R,2.58456291002015
47,L,L,S,1.14354437673676
47,L,L,T,5.91847762242011
47,L,L,V,4.14616057436588
47,L,L,W,4.65689158627694
47,L,L,Y,6.383646225196
48,L,I,A,5.89436293067736
48,L,I,C,8.84304369775216
48,L,I,D,8.24892121440096
48,L,I,E,8.36481923536157
48,L,I,F,3.17127548467537
48,L,I,G,6.80575325858289
48,L,I,H,6.31011214114985
48,L,I,I,-5.21093744476767e-07
48,L,I,K,6.43928330550139
48,L,I,L,-0.122878963396963
48,L,I,M,2.90910598235853
48,L,I,N,3.37055111570537
48,L,I,P,6.6778810528756
48,L,I,Q,5.81873034691124
48,L,I,R,4.95942016684571
48,L,I,S,2.7170193954563
48,L,I,T,2.96554764563238
48,L,I,V,0.328640210563745
48,L,I,W,5.63988970148664
48,L,I,Y,4.77862760741991
49,L,K,A,5.75901705296248
49,L,K,C,6.13080763871727
49,L,K,D,5.55469750347699
49,L,K,E,2.95510663131974
49,L,K,F,5.30886492806272
49,L,K,G,5.32713805574219
49,L,K,H,4.43050592284468
49,L,K,I,3.05680763083811
49,L,K,K,-5.21093744476767e-07
49,L,K,L,5.97805877047974
49,L,K,M,5.32483697486293
49,L,K,N,1.1803542999434
49,L,K,P,6.31854048603351
49,L,K,Q,1.28201846311634
49,L,K,R,3.36118003451427
49,L,K,S,0.324463283320846
49,L,K,T,2.09750221136728
49,L,K,V,5.80168103735205
49,L,K,W,5.37333841066494
49,L,K,Y,5.46087874825933
50,L,Y,A,9.13684734594477
50,L,Y,C,3.15558591964576
50,L,Y,D,3.76729134619904
50,L,Y,E,5.14259025996551
50,L,Y,F,3.60783961240103
50,L,Y,G,7.58724582556164
50,L,Y,H,3.32396371300395
50,L,Y,I,6.05015461671292
50,L,Y,K,6.53566243249462
50,L,Y,L,5.89534738671541
50,L,Y,M,5.99483275068027
50,L,Y,N,4.34749237310447
50,L,Y,P,7.32450821780066
50,L,Y,Q,8.39272802347865
50,L,Y,R,9.55759753894946
50,L,Y,S,2.93578346633469
50,L,Y,T,6.24260711127069
50,L,Y,V,9.2689609947253
50,L,Y,W,6.39968605087703
50,L,Y,Y,-5.21093744476767e-07
51,L,V,A,-2.85270676869104
51,L,V,C,0.217392305127953
51,L,V,D,2.01791266651
51,L,V,E,3.95118091726493
51,L,V,F,2.80971049376569
51,L,V,G,-2.80718958273243
51,L,V,H,5.36123291358003
51,L,V,I,1.82235538134157
51,L,V,K,1.1224142803874
51,L,V,L,4.58862757779601
51,L,V,M,4.06161310435986
51,L,V,N,1.41898176184252
51,L,V,P,4.86205263504072
51,L,V,Q,1.73936090988673
51,L,V,R,3.86130434523043
51,L,V,S,-2.46132547067237
51,L,V,T,-1.46522455152089
51,L,V,V,-5.21093744476767e-07
51,L,V,W,3.26201348146566
51,L,V,Y,4.83041911654832
52,L,S,A,3.4628624226857
52,L,S,C,4.00196561853719
52,L,S,D,-0.620162129725609
52,L,S,E,1.08661492047455
52,L,S,F,4.01443843119466
52,L,S,G,5.70954657385992
52,L,S,H,5.30452377641221
52,L,S,I,4.29525325220802
52,L,S,K,4.41303628786441
52,L,S,L,6.0980824523794
52,L,S,M,9.09500768760186
52,L,S,N,-2.58620717460859
52,L,S,P,4.78503188908302
52,L,S,Q,8.24467492351951
52,L,S,R,6.18366898849542
52,L,S,S,-5.21093744476767e-07
52,L,S,T,1.41892483186516
52,L,S,V,5.75046354169364
52,L,S,W,5.634303094778
52,L,S,Y,1.12633818340074
53,L,Q,A,5.61425767423775
53,L,Q,C,5.46251675026357
53,L,Q,D,0.242696559673602
53,L,Q,E,-0.732061533647354
53,L,Q,F,5.51511851719633
53,L,Q,G,5.57901575804852
53,L,Q,H,0.0236307963683864
53,L,Q,I,5.53205502672723
53,L,Q,K,1.33388619644735
53,L,Q,L,4.31575733654991
53,L,Q,M,6.40943034235171
53,L,Q,N,3.71589226928516
53,L,Q,P,4.12773932194965
53,L,Q,Q,-5.21093744476767e-07
53,L,Q,R,4.30538853590966
53,L,Q,S,6.09170805098296
53,L,Q,T,2.52328003255735
53,L,Q,V,6.97129468264851
53,L,Q,W,8.483859342208
53,L,Q,Y,5.00243538991099
54,L,S,A,-0.795074899047829
54,L,S,C,1.75465940041784
54,L,S,D,5.24217355356405
54,L,S,E,5.2873182777677
54,L,S,F,0.475944140489649
54,L,S,G,2.43576424365203
54,L,S,H,-0.239871284970252
54,L,S,I,-1.28116971949266
54,L,S,K,-2.37105417103383
54,L,S,L,-2.79448957356556
54,L,S,M,3.14417835569336
54,L,S,N,1.71709733688399
54,L,S,P,-0.110219106464481
54,L,S,Q,0.449625386852975
54,L,S,R,-2.77266313697547
54,L,S,S,-5.21093744476767e-07
54,L,S,T,-1.90663235588261
54,L,S,V,-2.21912763724087
54,L,S,W,1.2853809257234
54,L,S,Y,1.70812387159699
55,L,S,A,-2.37736595867285
55,L,S,C,-0.978325944464045
55,L,S,D,-0.863239197732213
55,L,S,E,-2.14271812672149
55,L,S,F,0.618449494426565
55,L,S,G,-0.294583534115716
55,L,S,H,2.9680501480383
55,L,S,I,-2.15290329931408
55,L,S,K,3.7353639940651
55,L,S,L,-0.934721882806611
55,L,S,M,-1.5702638787643
55,L,S,N,0.790735057060473
55,L,S,P,-0.715020321179505
55,L,S,Q,-2.18742344967114
55,L,S,R,5.21445237197813
55,L,S,S,-5.21093744476767e-07
55,L,S,T,2.66471743329152
55,L,S,V,-3.12733554592377
55,L,S,W,2.94464185790802
55,L,S,Y,0.911944499811464
71,L,F,A,9.01970569101551
71,L,F,C,4.62936226791542
71,L,F,D,7.40480328410933
71,L,F,E,4.65478888390809
71,L,F,F,-5.53973499527937e-07
71,L,F,G,9.68101627276418
71,L,F,H,5.90383437600332
71,L,F,I,0.612938008226296
71,L,F,K,2.80939369287708
71,L,F,L,2.60818363077722
71,L,F,M,5.65519564884341
71,L,F,N,9.0856056827514
71,L,F,P,9.21802038067585
71,L,F,Q,7.68388685130588
71,L,F,R,6.85309512711505
71,L,F,S,4.04164386034346
71,L,F,T,9.05188004804336
71,L,F,V,0.870793909032966
71,L,F,W,5.57200085030156
71,L,F,Y,3.8157441652776
84,L,G,A,4.06387863341425
84,L,G,C,2.70887873485277
84,L,G,D,2.01970770267247
84,L,G,G,-5.53973499527937e-07
84,L,G,L,8.23532719422606
84,L,G,N,7.47105266965053
84,L,G,P,8.04881777609163
84,L,G,Q,7.15739511079549
84,L,G,R,4.05261348155387
84,L,G,S,2.8723587408301
84,L,G,V,2.07938574109441
84,L,G,W,7.50879299763338
85,L,M,A,5.77381512518549
85,L,M,C,5.76485605155096
85,L,M,D,8.4942411965014
85,L,M,E,9.46173305261695
85,L,M,F,-1.37287983247101
85,L,M,G,6.62613393011122
85,L,M,H,6.89127579857291
85,L,M,I,0.348620348538502
85,L,M,K,4.53197435612978
85,L,M,L,1.90637141421928
85,L,M,M,-5.53973499527937e-07
85,L,M,N,1.498604374513
85,L,M,P,6.10982856112315
85,L,M,Q,6.52609143551825
85,L,M,R,4.21860187704162
85,L,M,S,1.64244917302549
85,L,M,T,-0.901495658559637
85,L,M,V,0.991176161342548
85,L,M,W,-1.04709279548185
85,L,M,Y,-2.01590033985864
86,L,Y,A,9.22802602279317
86,L,Y,C,2.66909520350049
86,L,Y,D,5.24597113781134
86,L,Y,E,6.07539055852704
86,L,Y,F,3.64617492081074
86,L,Y,G,9.39192674054452
86,L,Y,H,3.14877603938242
86,L,Y,I,8.33469966803926
86,L,Y,K,6.08008540283125
86,L,Y,L,6.40383723504309
86,L,Y,M,6.6940677104485
86,L,Y,N,3.57406345579343
86,L,Y,P,6.58259673676982
86,L,Y,Q,8.14804440998819
86,L,Y,R,7.09741820579999
86,L,Y,S,2.51066025843411
86,L,Y,T,5.89149531075914
86,L,Y,V,7.16137442364697
86,L,Y,W,5.35141432884436
86,L,Y,Y,-5.53973499527937e-07
87,L,F,F,-5.53973499527937e-07
87,L,F,G,7.33385154813705
87,L,F,L,0.896866197598618
87,L,F,S,1.77886873023726
87,L,F,V,1.50134086436234
88,L,C,A,6.80775845224027
88,L,C,C,-5.53973499527937e-07
88,L,C,D,6.1739041580489
88,L,C,E,5.19176722048454
88,L,C,F,2.95602686782175
88,L,C,G,5.16425043707654
88,L,C,H,5.08264941552478
88,L,C,I,6.45784790839008
88,L,C,K,9.16995620989267
88,L,C,L,6.07093990683338
88,L,C,M,5.51223911575931
88,L,C,N,9.44406474848363
88,L,C,P,10.2006636298593
88,L,C,Q,8.13162367977586
88,L,C,R,3.9373161795807
88,L,C,S,3.96536736388119
88,L,C,T,6.67487326319235
88,L,C,V,5.23178650281939
88,L,C,W,3.90665154707927
88,L,C,Y,2.12759263455375
89,L,Q,A,6.02626815924284
89,L,Q,C,4.18698064522579
89,L,Q,D,2.63874691107869
89,L,Q,E,2.09318961333183
89,L,Q,F,6.2383855651583
89,L,Q,G,-1.92672754052464
89,L,Q,H,3.10643171377299
89,L,Q,I,4.99109652502239
89,L,Q,K,0.948474617190939
89,L,Q,L,4.15034633054277
89,L,Q,M,-0.585689690336229
89,L,Q,N,6.26524668424293
89,L,Q,P,2.83192454485429
89,L,Q,Q,-5.53973499527937e-07
89,L,Q,R,2.8490776783788
89,L,Q,S,5.12593560219955
89,L,Q,T,5.62987987354678
89,L,Q,V,5.01234063632035
89,L,Q,W,4.95048332588087
89,L,Q,Y,5.29165826033783
90,L,Q,A,-0.387411220329424
90,L,Q,C,4.91365051782438
90,L,Q,D,4.03550076448627
90,L,Q,E,3.3970333938096
90,L,Q,F,9.32694993871246
90,L,Q,G,6.28115585844264
90,L,Q,H,2.84574300858458
90,L,Q,I,5.54075428606733
90,L,Q,K,3.19760568424909
90,L,Q,L,3.76468573903575
90,L,Q,M,5.10470575458709
90,L,Q,N,5.52654866097221
90,L,Q,P,2.2893764103622
90,L,Q,Q,-5.53973499527937e-07
90,L,Q,R,3.21052312619499
90,L,Q,S,0.195587704996623
90,L,Q,T,-0.11864771190094
90,L,Q,V,6.08475830853064
90,L,Q,W,8.84281893020751
90,L,Q,Y,5.51636283294317
91,L,S,A,5.35003470112495
91,L,S,C,2.24832296868456
91,L,S,D,8.80975806794662
91,L,S,E,6.08475830853064
91,L,S,F,3.40368566683108
91,L,S,G,4.94902835690603
91,L,S,H,9.59438840488759
91,L,S,I,3.21137593451228
91,L,S,K,4.94501872843867
91,L,S,L,5.62874092125964
91,L,S,M,5.46571910012442
91,L,S,N,3.13525052778025
91,L,S,P,5.90005037464151
91,L,S,Q,6.27520527276851
91,L,S,R,2.17728266372958
91,L,S,S,-5.53973499527937e-07
91,L,S,T,2.91871832054062
91,L,S,V,8.86850252494221
91,L,S,W,5.45872606463345
91,L,S,Y,3.92056816813985
92,L,N,A,-3.37758428598396
92,L,N,C,3.3626891862491
92,L,N,D,0.552068283883808
92,L,N,E,1.17687256255149
92,L,N,F,2.18299811106983
92,L,N,G,-3.29379783692131
92,L,N,H,0.301991255118283
92,L,N,I,0.0935980840398822
92,L,N,K,1.73421701095087
92,L,N,L,6.10346087739621
92,L,N,M,4.89954591164283
92,L,N,N,-5.53973499527937e-07
92,L,N,P,2.85320391852314
92,L,N,Q,1.51793302885044
92,L,N,R,2.65505922227834
92,L,N,S,-3.21302302999395
92,L,N,T,-2.60062303134974
92,L,N,V,1.22410059558102
92,L,N,W,3.38434281155665
92,L,N,Y,1.45267105058462
93,L,S,A,3.0745053186565
93,L,S,C,5.63277318478758
93,L,S,D,6.12362034162269
93,L,S,E,9.05188004804336
93,L,S,F,3.3222321807269
93,L,S,G,6.39195434214691
93,L,S,H,4.51523700350198
93,L,S,I,6.25967097980633
93,L,S,K,5.71412443544464
93,L,S,L,6.10368317612867
93,L,S,M,8.88578496609096
93,L,S,N,5.11013535535385
93,L,S,P,3.25467374886806
93,L,S,Q,-1.14788367696903
93,L,S,R,6.25516950922968
93,L,S,S,-5.53973499527937e-07
93,L,S,T,-0.227793214976002
93,L,S,V,7.08891475320034
93,L,S,W,5.32991755896535
93,L,S,Y,1.20968654564255
94,L,W,A,9.99985351299576
94,L,W,C,3.80749102352088
94,L,W,D,5.84041254956583
94,L,W,E,6.19291212209408
94,L,W,F,5.65640890658889
94,L,W,G,5.93006975837378
94,L,W,H,8.62978668849762
94,L,W,I,8.13162367977586
94,L,W,K,6.25771211532099
94,L,W,L,3.22258050656585
94,L,W,M,5.93138432777155
94,L,W,N,8.70159250136119
94,L,W,P,7.60831640465098
94,L,W,Q,7.60298021269308
94,L,W,R,3.8526348755373
94,L,W,S,4.47020914023054
94,L,W,T,5.80477949736217
94,L,W,V,9.64010637002005
94,L,W,W,-5.53973499527937e-07
94,L,W,Y,5.42146409112038
95,L,P,A,4.09281181978699
95,L,P,C,5.44278231478132
95,L,P,D,5.96971875882001
95,L,P,E,6.36877065209346
95,L,P,F,8.87008605654785
95,L,P,G,6.83738904149086
95,L,P,H,3.76198726813606
95,L,P,I,8.42754982200273
95,L,P,K,6.34093178831548
95,L,P,L,3.79399930921724
95,L,P,M,6.28479307392366
95,L,P,N,6.68069109875102
95,L,P,P,-5.53973499527937e-07
95,L,P,Q,1.60575605278151
95,L,P,R,5.50068410148671
95,L,P,S,2.29459632460346
95,L,P,T,2.92569315111534
95,L,P,V,5.99932475222223
95,L,P,W,8.94034395034139
95,L,P,Y,1.31726521225528
96,L,R,A,5.54738182435242
96,L,R,C,3.2082057965889
96,L,R,D,8.89508735875327
96,L,R,E,8.89354295690189
96,L,R,F,6.79309149814447
96,L,R,G,2.50683338657277
96,L,R,H,2.4182533195844
96,L,R,I,6.86811686881089
96,L,R,K,9.26494661140722
96,L,R,L,4.16975088255833
96,L,R,M,5.67176020811493
96,L,R,N,7.71450148712548
96,L,R,P,4.32461044534406
96,L,R,Q,8.64970766599218
96,L,R,R,-5.53973499527937e-07
96,L,R,S,3.05718542912099
96,L,R,T,5.39470579917027
96,L,R,V,6.71765212417842
96,L,R,W,5.60743288790388
96,L,R,Y,6.02176519418321
97,L,T,A,3.43147369681756
97,L,T,C,5.86974016466035
97,L,T,D,6.22987731632755
97,L,T,E,8.22933915238144
97,L,T,F,6.8111463719122
97,L,T,G,6.95379615555425
97,L,T,H,8.38220200202427
97,L,T,I,1.91843921328451
97,L,T,K,5.3830273842793
97,L,T,L,5.21642786139053
97,L,T,M,4.92231112241585
97,L,T,N,2.76526345426341
97,L,T,P,1.88894140264149
97,L,T,Q,7.71951402894903
97,L,T,R,6.25891316480321
97,L,T,S,3.60165011255752
97,L,T,T,-5.53973499527937e-07
97,L,T,V,1.01809797938921
97,L,T,W,9.39754473284874
97,L,T,Y,8.34277508204481
98,L,F,A,8.31284087422676
98,L,F,C,5.73831092685261
98,L,F,D,6.00218715450374
98,L,F,E,6.19121712193753
98,L,F,F,-5.53973499527937e-07
98,L,F,G,6.26931586584966
98,L,F,H,6.65134276578216
98,L,F,I,3.78681975559259
98,L,F,K,7.95458615112851
98,L,F,L,3.18316584729668
98,L,F,M,6.31235841587142
98,L,F,N,6.88605930265402
98,L,F,P,6.90146173665829
98,L,F,Q,5.40557439385206
98,L,F,R,6.43295463361382
98,L,F,S,4.49610304891544
98,L,F,T,6.51029874865824
98,L,F,V,2.74045142600417
98,L,F,W,7.03901381008985
98,L,F,Y,4.18777997673657
99,L,G,A,3.44230666046621
99,L,G,C,2.7716796360918
99,L,G,D,4.25895553987691
99,L,G,E,5.82131819672969
99,L,G,F,6.42766367174561
99,L,G,G,-5.53973499527937e-07
99,L,G,H,6.46006207230286
99,L,G,I,6.50793662523787
99,L,G,K,7.06471305339743
99,L,G,L,6.38780023613328
99,L,G,M,6.14171320145811
99,L,G,N,9.59362123952584
99,L,G,P,6.86346834021907
99,L,G,Q,6.75431949008471
99,L,G,R,4.29744158885451
99,L,G,S,-1.0117093304858
99,L,G,T,6.0150110047182
99,L,G,V,4.63488251679128
99,L,G,W,3.62256868502687
99,L,G,Y,5.66080838574837
102,L,T,A,1.53762591451878
102,L,T,C,6.02686980777792
102,L,T,D,9.01834236428765
102,L,T,E,6.12894460081931
102,L,T,F,6.21994259409346
102,L,T,G,8.0701709005622
102,L,T,H,4.24446335487476
102,L,T,I,3.10655304117317
102,L,T,K,4.48545256166245
102,L,T,L,7.85888063627259
102,L,T,M,5.14697496679678
102,L,T,N,1.59951883504009
102,L,T,P,1.75914340848385
102,L,T,Q,8.9751300664268
102,L,T,R,5.95044597092305
102,L,T,S,3.76689651222472
102,L,T,T,-5.53973499527937e-07
102,L,T,V,6.05981428173404
102,L,T,W,5.79514440161577
102,L,T,Y,8.80301267980709
