,pos,chain,wt_res,mt_res,score
0,22,L,S,R,-1.19990985959298
1,22,L,S,K,-1.44027420860802
2,22,L,S,D,3.33159465847982
3,22,L,S,E,-0.480114823038963
4,22,L,S,H,-2.62896873326045
5,22,L,S,N,0.10356977209644
6,22,L,S,Q,1.01912473980327
7,22,L,S,S,-7.71176209485015e-07
8,22,L,S,T,-1.78527180032775
9,22,L,S,P,1.87190089214819
10,22,L,S,C,3.66665489473552
11,22,L,S,G,6.17065049245751
12,22,L,S,A,2.84857277201876
13,22,L,S,V,-0.516148376938232
14,22,L,S,I,-0.0865008088779434
15,22,L,S,L,1.13729926432866
16,22,L,S,M,0.581514499363889
17,22,L,S,F,3.28660483955787
18,22,L,S,Y,-0.593356354600569
19,22,L,S,W,1.17704367802614
20,23,L,C,R,4.43391870706981
21,23,L,C,K,6.6504502901797
22,23,L,C,D,5.95252222401941
23,23,L,C,E,8.99109362564028
24,23,L,C,H,8.68643321665408
25,23,L,C,N,6.958589409621
26,23,L,C,Q,5.8303365396666
27,23,L,C,S,4.47800145476533
28,23,L,C,T,9.7494104412748
29,23,L,C,P,9.96685957669545
30,23,L,C,C,-7.71176209485015e-07
31,23,L,C,G,4.3223062737815
32,23,L,C,A,7.71236121199738
33,23,L,C,V,7.22829545655142
34,23,L,C,I,6.11982203911753
35,23,L,C,L,6.36541442197119
36,23,L,C,M,8.62037146597598
37,23,L,C,F,3.92336936455989
38,23,L,C,Y,2.79891992227131
39,23,L,C,W,3.74421181110859
40,24,L,R,R,-7.71176209485015e-07
41,24,L,R,K,-1.18619200863133
42,24,L,R,D,5.41644785986465
43,24,L,R,E,6.43595648044497
44,24,L,R,H,-2.02628126342362
45,24,L,R,N,-0.282415932474769
46,24,L,R,Q,3.42464487895782
47,24,L,R,S,1.80883799939269
48,24,L,R,T,1.59860201483435
49,24,L,R,P,4.74709828891377
50,24,L,R,C,3.12010323200017
51,24,L,R,G,4.29858387224811
52,24,L,R,A,6.23212609193648
53,24,L,R,V,6.33313496236776
54,24,L,R,I,3.31039948117571
55,24,L,R,L,4.72654741258678
56,24,L,R,M,5.39791995195834
57,24,L,R,F,6.68979037867979
58,24,L,R,Y,1.95554674072631
59,24,L,R,W,5.97642415106653
60,25,L,A,R,5.05188657294559
61,25,L,A,K,5.23380784286194
62,25,L,A,D,4.50719941061591
63,25,L,A,E,1.08663450049195
64,25,L,A,H,6.28625222857485
65,25,L,A,N,3.63264748369928
66,25,L,A,Q,4.80795356463504
67,25,L,A,S,-1.17179474718764
68,25,L,A,T,-0.462313684838151
69,25,L,A,P,4.00455268178364
70,25,L,A,C,6.17843085207143
71,25,L,A,G,5.02335166554193
72,25,L,A,A,-7.71176209485015e-07
73,25,L,A,V,2.91691736733055
74,25,L,A,I,4.8121341727306
75,25,L,A,L,6.46056989481597
76,25,L,A,M,5.82689241709557
77,25,L,A,F,6.51805384263217
78,25,L,A,Y,4.66208336270334
79,25,L,A,W,6.16498978950241
80,26,L,S,R,3.51954396167223
81,26,L,S,K,1.42930508040452
82,26,L,S,D,0.566152002634616
83,26,L,S,E,6.14448326093992
84,26,L,S,H,4.10663195163554
85,26,L,S,N,-1.38258786344119
86,26,L,S,Q,9.43292637791931
87,26,L,S,S,-7.71176209485015e-07
88,26,L,S,T,3.24425166152363
89,26,L,S,P,4.10854946823126
90,26,L,S,C,3.26579502086974
91,26,L,S,G,1.77008731533066
92,26,L,S,A,1.2045109501694
93,26,L,S,V,6.30591444882063
94,26,L,S,I,3.96538657328018
95,26,L,S,L,5.56247639971665
96,26,L,S,M,6.61813730118916
97,26,L,S,F,2.59920678454701
98,26,L,S,Y,1.84842278693672
99,26,L,S,W,4.76158304817818
100,27,L,Q,R,-0.949936921033665
101,27,L,Q,K,-0.992591496969015
102,27,L,Q,D,4.43960871140256
103,27,L,Q,E,-0.585111258559518
104,27,L,Q,H,-0.719042436269459
105,27,L,Q,N,1.22461224922777
106,27,L,Q,Q,-7.71176209485015e-07
107,27,L,Q,S,-0.607828944236629
108,27,L,Q,T,-0.324386823047847
109,27,L,Q,P,2.52780221686865
110,27,L,Q,C,5.65568121635386
111,27,L,Q,G,1.64825638284117
112,27,L,Q,A,0.612808772218944
113,27,L,Q,V,1.32534019377858
114,27,L,Q,I,6.15435402265991
115,27,L,Q,L,3.89700943234178
116,27,L,Q,M,4.49405595985702
117,27,L,Q,F,6.58813505088536
118,27,L,Q,Y,3.29736148683758
119,27,L,Q,W,5.62902778913246
120,28,L,S,R,3.98825387501043
121,28,L,S,K,0.576840352481254
122,28,L,S,D,-2.47699128118791
124,28,L,S,H,-1.14129018532938
125,28,L,S,N,-2.61698827597311
127,28,L,S,S,-7.71176209485015e-07
128,28,L,S,T,1.85091320289794
129,28,L,S,P,-1.83719912307252
130,28,L,S,C,1.85329705365327
131,28,L,S,G,0.0521020955767789
132,28,L,S,A,1.51277050708813
133,28,L,S,V,5.40481606474509
135,28,L,S,L,5.18638426149084
137,28,L,S,F,-0.151588590324278
138,28,L,S,Y,-0.454387258946614
139,28,L,S,W,-0.261215856252548
140,29,L,I,R,10.0891445895672
141,29,L,I,K,9.69927868356476
142,29,L,I,D,9.13800314421097
143,29,L,I,E,9.37729468193317
144,29,L,I,H,6.22247619317761
145,29,L,I,N,4.71141273195613
146,29,L,I,Q,6.46590049754418
147,29,L,I,S,4.81286757943747
148,29,L,I,T,4.76645717807008
149,29,L,I,P,7.9895430498153
150,29,L,I,C,6.93015147430047
151,29,L,I,G,2.0985336566642
152,29,L,I,A,7.70352625668258
153,29,L,I,V,4.28171442470573
154,29,L,I,I,-7.71176209485015e-07
155,29,L,I,L,2.59868637622512
156,29,L,I,M,4.74586903245904
157,29,L,I,F,4.49318600058149
158,29,L,I,Y,9.16382954377087
159,29,L,I,W,6.25605248871122
160,31,L,N,R,1.91799664122587
161,31,L,N,K,1.25058268818352
162,31,L,N,D,1.94081799492043
163,31,L,N,E,1.33272738651597
164,31,L,N,H,2.70380280013833
165,31,L,N,N,-7.71176209485015e-07
166,31,L,N,Q,4.98558027712479
167,31,L,N,S,-0.211173975994421
168,31,L,N,T,1.18770004992307
169,31,L,N,P,7.83823554655051
170,31,L,N,C,6.73134869132272
171,31,L,N,G,-0.869863743482082
172,31,L,N,A,6.51881463272008
173,31,L,N,V,5.58290071255863
174,31,L,N,I,3.49803218229973
175,31,L,N,L,7.02877575347544
176,31,L,N,M,5.33774359268083
177,31,L,N,F,6.39809706940155
178,31,L,N,Y,4.12897834166263
179,31,L,N,W,8.73977919735937
180,32,L,N,R,4.41160552119738
181,32,L,N,K,2.6757103079827
182,32,L,N,D,2.33901741473907
183,32,L,N,E,2.52818461166971
184,32,L,N,H,-2.03697065069321
185,32,L,N,N,-7.71176209485015e-07
186,32,L,N,Q,-1.66126050563994
187,32,L,N,S,0.605113928974771
188,32,L,N,T,2.08353265124834
189,32,L,N,P,5.04187917930233
190,32,L,N,C,5.55710642115513
191,32,L,N,G,-2.07925639569339
192,32,L,N,A,5.28792702298082
193,32,L,N,V,3.87006989436822
194,32,L,N,I,3.48398982517669
195,32,L,N,L,7.56705893653754
196,32,L,N,M,5.76828189465084
197,32,L,N,F,6.77580045389356
198,32,L,N,Y,3.04472831908031
199,32,L,N,W,5.08095764542647
200,33,L,L,R,4.54297589431117
201,33,L,L,K,6.34495141162886
202,33,L,L,D,9.01931126544923
203,33,L,L,E,9.36114669552519
204,33,L,L,H,6.50474293228004
205,33,L,L,N,7.2451025748678
206,33,L,L,Q,4.79238904809393
207,33,L,L,S,5.65710499367157
208,33,L,L,T,5.57426756541393
209,33,L,L,P,4.43137020592192
210,33,L,L,C,8.28096810854591
211,33,L,L,G,7.43670976417661
212,33,L,L,A,7.63108079530247
213,33,L,L,V,0.617362174038782
214,33,L,L,I,-0.101933203301931
215,33,L,L,L,-7.71176209485015e-07
216,33,L,L,M,1.60326670533476
217,33,L,L,F,4.59442471422952
218,33,L,L,Y,8.2173424126657
219,33,L,L,W,5.52443902732348
220,34,L,H,R,3.54212193753596
221,34,L,H,K,7.21029317020194
222,34,L,H,D,2.07598613021599
223,34,L,H,E,6.93972092531662
224,34,L,H,H,-7.71176209485015e-07
225,34,L,H,N,3.578442875258
226,34,L,H,Q,3.61793610952525
227,34,L,H,S,6.13719424040647
228,34,L,H,T,5.5914599659543
229,34,L,H,P,2.8148839223898
230,34,L,H,C,5.87274572159169
231,34,L,H,G,6.90259632407687
232,34,L,H,A,5.99555939149677
233,34,L,H,V,8.91231274778716
234,34,L,H,I,7.487016228864
235,34,L,H,L,4.43049242069061
236,34,L,H,M,8.572921866263
237,34,L,H,F,8.12966724540941
238,34,L,H,Y,2.36059222361988
239,34,L,H,W,8.56779364989608
240,36,L,Y,R,6.35395119003148
241,36,L,Y,K,6.05048524987844
242,36,L,Y,D,1.8335206079306
243,36,L,Y,E,4.61458920658625
244,36,L,Y,H,1.94006726113001
245,36,L,Y,N,3.55884683451396
246,36,L,Y,Q,4.73501562808555
247,36,L,Y,S,3.17888577364913
248,36,L,Y,T,5.72695769303869
249,36,L,Y,P,6.18736148216727
250,36,L,Y,C,1.70039845922584
251,36,L,Y,G,6.32120610893687
252,36,L,Y,A,9.21561501402001
253,36,L,Y,V,6.48285781090653
254,36,L,Y,I,7.70507033520347
255,36,L,Y,L,5.59507964882055
256,36,L,Y,M,8.73703319832104
257,36,L,Y,F,3.12751995558019
258,36,L,Y,Y,-5.21093744476767e-07
259,36,L,Y,W,5.03807756123002
260,37,L,Q,R,-0.86632364748053
261,37,L,Q,K,1.26200376281328
262,37,L,Q,D,3.16544859635243
263,37,L,Q,E,2.02366927620505
264,37,L,Q,H,-2.36904660903244
265,37,L,Q,N,4.08340480755687
266,37,L,Q,Q,-5.21093744476767e-07
267,37,L,Q,S,2.5615514585293
268,37,L,Q,T,6.10161870744585
269,37,L,Q,P,3.84234115876761
270,37,L,Q,C,4.33598386619684
271,37,L,Q,G,5.14084546545733
272,37,L,Q,A,4.85417531829807
273,37,L,Q,V,-3.00111693244297
274,37,L,Q,I,-1.83909703427468
275,37,L,Q,L,-0.719810121530435
276,37,L,Q,M,-0.389748759341102
277,37,L,Q,F,-3.09042428336606
278,37,L,Q,Y,-2.57947843537063
279,37,L,Q,W,-1.05343911562339
280,39,L,K,R,0.974788375531121
281,39,L,K,K,-5.21093744476767e-07
282,39,L,K,D,6.19082194620289
283,39,L,K,E,2.55882198191748
284,39,L,K,H,5.09048744374601
285,39,L,K,N,3.08893692413318
286,39,L,K,Q,2.23819643936789
287,39,L,K,S,3.5804425288446
288,39,L,K,T,3.46380169615169
289,39,L,K,P,6.03612543324596
290,39,L,K,C,3.75826751565155
291,39,L,K,G,6.12407360653593
292,39,L,K,A,6.19655138964938
293,39,L,K,V,6.01840591839834
294,39,L,K,I,3.78152472860322
295,39,L,K,L,6.00301239948827
296,39,L,K,M,6.20727706692934
297,39,L,K,F,5.89252567250934
298,39,L,K,Y,8.00814429142284
299,39,L,K,W,8.25736008304682
300,40,L,S,R,1.1210286757876
301,40,L,S,K,0.00775951280966744
302,40,L,S,D,-2.0276882065745
303,40,L,S,E,-2.28357777633466
304,40,L,S,H,2.9031889508106
305,40,L,S,N,-2.34030634706906
306,40,L,S,Q,4.23297224780798
307,40,L,S,S,-5.21093744476767e-07
308,40,L,S,T,0.296749195611715
309,40,L,S,P,-2.58019556906416
310,40,L,S,C,2.59863561529648
311,40,L,S,G,-2.31595210338033
312,40,L,S,A,-1.59489607571463
313,40,L,S,V,3.41962108710084
314,40,L,S,I,2.44737028979957
315,40,L,S,L,2.76366451929124
316,40,L,S,M,5.67798323670422
317,40,L,S,F,5.9284576817354
318,40,L,S,Y,4.51393505319283
319,40,L,S,W,3.43210681820779
320,43,L,S,R,1.25664900897705
321,43,L,S,K,0.228256115623405
322,43,L,S,D,4.44849031669993
323,43,L,S,E,0.410879454318489
324,43,L,S,H,1.33182352046081
325,43,L,S,N,6.09355498371856
326,43,L,S,Q,4.5509385281715
327,43,L,S,S,-5.21093744476767e-07
328,43,L,S,T,3.39280999933123
329,43,L,S,P,-1.9774817371791
330,43,L,S,C,3.12274812032993
331,43,L,S,G,6.07936010434693
332,43,L,S,A,-2.22347180831123
333,43,L,S,V,4.58382196549526
334,43,L,S,I,5.07484748880964
335,43,L,S,L,4.24565577119029
336,43,L,S,M,5.5502098370076
337,43,L,S,F,3.06950010344494
338,43,L,S,Y,2.12891362173537
339,43,L,S,W,4.0639635218744
340,44,L,P,R,3.76280823997268
341,44,L,P,K,6.08883145488679
342,44,L,P,D,5.9478757675925
343,44,L,P,E,8.05294756843867
344,44,L,P,H,1.36572921651957
345,44,L,P,N,6.22054181558782
346,44,L,P,Q,5.16631762968851
347,44,L,P,S,2.56845668307341
348,44,L,P,T,2.2157717149277
349,44,L,P,P,-5.21093744476767e-07
350,44,L,P,C,5.24312304091225
351,44,L,P,G,5.75305888595198
352,44,L,P,A,3.84851157864706
353,44,L,P,V,7.49010493033315
354,44,L,P,I,5.84251525193468
355,44,L,P,L,3.43344784336801
356,44,L,P,M,4.63568937862633
357,44,L,P,F,6.87943397159745
358,44,L,P,Y,4.34707772209646
360,45,L,R,R,-5.21093744476767e-07
361,45,L,R,K,-0.479436194942772
362,45,L,R,D,6.55993803090047
363,45,L,R,E,6.02563353372268
364,45,L,R,H,2.61473427222997
365,45,L,R,N,3.87603882529789
366,45,L,R,Q,3.79950960682311
367,45,L,R,S,3.65206610829721
368,45,L,R,T,5.10873822504539
369,45,L,R,P,4.22764860908137
370,45,L,R,C,2.49992559562029
371,45,L,R,G,5.00714147843205
372,45,L,R,A,5.874794069892
373,45,L,R,V,1.34588056486499
374,45,L,R,I,4.64322394754827
375,45,L,R,L,2.58943718860632
376,45,L,R,M,6.48189193832661
377,45,L,R,F,6.55366185967123
378,45,L,R,Y,5.39766681582614
379,45,L,R,W,7.16711604404923
380,46,L,L,R,3.20344346027145
381,46,L,L,K,4.85031751380513
382,46,L,L,D,6.26352837643133
383,46,L,L,E,6.19232910549346
384,46,L,L,H,5.73430166729444
385,46,L,L,N,5.00007644305141
386,46,L,L,Q,4.34100768141881
387,46,L,L,S,5.42546861624852
388,46,L,L,T,5.67478343088501
389,46,L,L,P,3.26915687922507
390,46,L,L,C,8.69317234754428
391,46,L,L,G,6.75896877072112
392,46,L,L,A,5.80789100489755
393,46,L,L,V,2.82438593083473
394,46,L,L,I,5.26325294527846
395,46,L,L,L,-5.21093744476767e-07
396,46,L,L,M,2.17538829981855
397,46,L,L,F,5.18737386259248
398,46,L,L,Y,4.96787330255677
399,46,L,L,W,5.92883109473451
400,47,L,L,R,2.58456291002015
401,47,L,L,K,5.74198184961307
402,47,L,L,D,8.36103851252166
403,47,L,L,E,5.67015611504182
404,47,L,L,H,6.2144576680042
405,47,L,L,N,6.14767195490972
406,47,L,L,Q,4.34957593394718
407,47,L,L,S,1.14354437673676
408,47,L,L,T,5.91847762242011
409,47,L,L,P,2.68271699175269
410,47,L,L,C,6.69892894572989
411,47,L,L,G,6.53896683788557
412,47,L,L,A,6.15793156528238
413,47,L,L,V,4.14616057436588
414,47,L,L,I,5.65555100731218
415,47,L,L,L,-5.21093744476767e-07
416,47,L,L,M,1.56410048767276
417,47,L,L,F,5.49782345978998
418,47,L,L,Y,6.383646225196
419,47,L,L,W,4.65689158627694
420,48,L,I,R,4.95942016684571
421,48,L,I,K,6.43928330550139
422,48,L,I,D,8.24892121440096
423,48,L,I,E,8.36481923536157
424,48,L,I,H,6.31011214114985
425,48,L,I,N,3.37055111570537
426,48,L,I,Q,5.81873034691124
427,48,L,I,S,2.7170193954563
428,48,L,I,T,2.96554764563238
429,48,L,I,P,6.6778810528756
430,48,L,I,C,8.84304369775216
431,48,L,I,G,6.80575325858289
432,48,L,I,A,5.89436293067736
433,48,L,I,V,0.328640210563745
434,48,L,I,I,-5.21093744476767e-07
435,48,L,I,L,-0.122878963396963
436,48,L,I,M,2.90910598235853
437,48,L,I,F,3.17127548467537
438,48,L,I,Y,4.77862760741991
439,48,L,I,W,5.63988970148664
440,49,L,K,R,3.36118003451427
441,49,L,K,K,-5.21093744476767e-07
442,49,L,K,D,5.55469750347699
443,49,L,K,E,2.95510663131974
444,49,L,K,H,4.43050592284468
445,49,L,K,N,1.1803542999434
446,49,L,K,Q,1.28201846311634
447,49,L,K,S,0.324463283320846
448,49,L,K,T,2.09750221136728
449,49,L,K,P,6.31854048603351
450,49,L,K,C,6.13080763871727
451,49,L,K,G,5.32713805574219
452,49,L,K,A,5.75901705296248
453,49,L,K,V,5.80168103735205
454,49,L,K,I,3.05680763083811
455,49,L,K,L,5.97805877047974
456,49,L,K,M,5.32483697486293
457,49,L,K,F,5.30886492806272
458,49,L,K,Y,5.46087874825933
459,49,L,K,W,5.37333841066494
460,50,L,Y,R,9.55759753894946
461,50,L,Y,K,6.53566243249462
462,50,L,Y,D,3.76729134619904
463,50,L,Y,E,5.14259025996551
464,50,L,Y,H,3.32396371300395
465,50,L,Y,N,4.34749237310447
466,50,L,Y,Q,8.39272802347865
467,50,L,Y,S,2.93578346633469
468,50,L,Y,T,6.24260711127069
469,50,L,Y,P,7.32450821780066
470,50,L,Y,C,3.15558591964576
471,50,L,Y,G,7.58724582556164
472,50,L,Y,A,9.13684734594477
473,50,L,Y,V,9.2689609947253
474,50,L,Y,I,6.05015461671292
475,50,L,Y,L,5.89534738671541
476,50,L,Y,M,5.99483275068027
477,50,L,Y,F,3.60783961240103
478,50,L,Y,Y,-5.21093744476767e-07
479,50,L,Y,W,6.39968605087703
480,51,L,V,R,3.86130434523043
481,51,L,V,K,1.1224142803874
482,51,L,V,D,2.01791266651
483,51,L,V,E,3.95118091726493
484,51,L,V,H,5.36123291358003
485,51,L,V,N,1.41898176184252
486,51,L,V,Q,1.73936090988673
487,51,L,V,S,-2.46132547067237
488,51,L,V,T,-1.46522455152089
489,51,L,V,P,4.86205263504072
490,51,L,V,C,0.217392305127953
491,51,L,V,G,-2.80718958273243
492,51,L,V,A,-2.85270676869104
493,51,L,V,V,-5.21093744476767e-07
494,51,L,V,I,1.82235538134157
495,51,L,V,L,4.58862757779601
496,51,L,V,M,4.06161310435986
497,51,L,V,F,2.80971049376569
498,51,L,V,Y,4.83041911654832
499,51,L,V,W,3.26201348146566
500,52,L,S,R,6.18366898849542
501,52,L,S,K,4.41303628786441
502,52,L,S,D,-0.620162129725609
503,52,L,S,E,1.08661492047455
504,52,L,S,H,5.30452377641221
505,52,L,S,N,-2.58620717460859
506,52,L,S,Q,8.24467492351951
507,52,L,S,S,-5.21093744476767e-07
508,52,L,S,T,1.41892483186516
509,52,L,S,P,4.78503188908302
510,52,L,S,C,4.00196561853719
511,52,L,S,G,5.70954657385992
512,52,L,S,A,3.4628624226857
513,52,L,S,V,5.75046354169364
514,52,L,S,I,4.29525325220802
515,52,L,S,L,6.0980824523794
516,52,L,S,M,9.09500768760186
517,52,L,S,F,4.01443843119466
518,52,L,S,Y,1.12633818340074
519,52,L,S,W,5.634303094778
520,53,L,Q,R,4.30538853590966
521,53,L,Q,K,1.33388619644735
522,53,L,Q,D,0.242696559673602
523,53,L,Q,E,-0.732061533647354
524,53,L,Q,H,0.0236307963683864
525,53,L,Q,N,3.71589226928516
526,53,L,Q,Q,-5.21093744476767e-07
527,53,L,Q,S,6.09170805098296
528,53,L,Q,T,2.52328003255735
529,53,L,Q,P,4.12773932194965
530,53,L,Q,C,5.46251675026357
531,53,L,Q,G,5.57901575804852
532,53,L,Q,A,5.61425767423775
533,53,L,Q,V,6.97129468264851
534,53,L,Q,I,5.53205502672723
535,53,L,Q,L,4.31575733654991
536,53,L,Q,M,6.40943034235171
537,53,L,Q,F,5.51511851719633
538,53,L,Q,Y,5.00243538991099
539,53,L,Q,W,8.483859342208
540,54,L,S,R,-2.77266313697547
541,54,L,S,K,-2.37105417103383
542,54,L,S,D,5.24217355356405
543,54,L,S,E,5.2873182777677
544,54,L,S,H,-0.239871284970252
545,54,L,S,N,1.71709733688399
546,54,L,S,Q,0.449625386852975
547,54,L,S,S,-5.21093744476767e-07
548,54,L,S,T,-1.90663235588261
549,54,L,S,P,-0.110219106464481
550,54,L,S,C,1.75465940041784
551,54,L,S,G,2.43576424365203
552,54,L,S,A,-0.795074899047829
553,54,L,S,V,-2.21912763724087
554,54,L,S,I,-1.28116971949266
555,54,L,S,L,-2.79448957356556
556,54,L,S,M,3.14417835569336
557,54,L,S,F,0.475944140489649
558,54,L,S,Y,1.70812387159699
559,54,L,S,W,1.2853809257234
560,55,L,S,R,5.21445237197813
561,55,L,S,K,3.7353639940651
562,55,L,S,D,-0.863239197732213
563,55,L,S,E,-2.14271812672149
564,55,L,S,H,2.9680501480383
565,55,L,S,N,0.790735057060473
566,55,L,S,Q,-2.18742344967114
567,55,L,S,S,-5.21093744476767e-07
568,55,L,S,T,2.66471743329152
569,55,L,S,P,-0.715020321179505
570,55,L,S,C,-0.978325944464045
571,55,L,S,G,-0.294583534115716
572,55,L,S,A,-2.37736595867285
573,55,L,S,V,-3.12733554592377
574,55,L,S,I,-2.15290329931408
575,55,L,S,L,-0.934721882806611
576,55,L,S,M,-1.5702638787643
577,55,L,S,F,0.618449494426565
578,55,L,S,Y,0.911944499811464
579,55,L,S,W,2.94464185790802
580,71,L,F,R,6.85309512711505
581,71,L,F,K,2.80939369287708
582,71,L,F,D,7.40480328410933
583,71,L,F,E,4.65478888390809
584,71,L,F,H,5.90383437600332
585,71,L,F,N,9.0856056827514
586,71,L,F,Q,7.68388685130588
587,71,L,F,S,4.04164386034346
588,71,L,F,T,9.05188004804336
589,71,L,F,P,9.21802038067585
590,71,L,F,C,4.62936226791542
591,71,L,F,G,9.68101627276418
592,71,L,F,A,9.01970569101551
593,71,L,F,V,0.870793909032966
594,71,L,F,I,0.612938008226296
595,71,L,F,L,2.60818363077722
596,71,L,F,M,5.65519564884341
597,71,L,F,F,-5.53973499527937e-07
598,71,L,F,Y,3.8157441652776
599,71,L,F,W,5.57200085030156
600,84,L,G,R,4.05261348155387
602,84,L,G,D,2.01970770267247
605,84,L,G,N,7.47105266965053
606,84,L,G,Q,7.15739511079549
607,84,L,G,S,2.8723587408301
609,84,L,G,P,8.04881777609163
610,84,L,G,C,2.70887873485277
611,84,L,G,G,-5.53973499527937e-07
612,84,L,G,A,4.06387863341425
613,84,L,G,V,2.07938574109441
615,84,L,G,L,8.23532719422606
619,84,L,G,W,7.50879299763338
620,85,L,M,R,4.21860187704162
621,85,L,M,K,4.53197435612978
622,85,L,M,D,8.4942411965014
623,85,L,M,E,9.46173305261695
624,85,L,M,H,6.89127579857291
625,85,L,M,N,1.498604374513
626,85,L,M,Q,6.52609143551825
627,85,L,M,S,1.64244917302549
628,85,L,M,T,-0.901495658559637
629,85,L,M,P,6.10982856112315
630,85,L,M,C,5.76485605155096
631,85,L,M,G,6.62613393011122
632,85,L,M,A,5.77381512518549
633,85,L,M,V,0.991176161342548
634,85,L,M,I,0.348620348538502
635,85,L,M,L,1.90637141421928
636,85,L,M,M,-5.53973499527937e-07
637,85,L,M,F,-1.37287983247101
638,85,L,M,Y,-2.01590033985864
639,85,L,M,W,-1.04709279548185
640,86,L,Y,R,7.09741820579999
641,86,L,Y,K,6.08008540283125
642,86,L,Y,D,5.24597113781134
643,86,L,Y,E,6.07539055852704
644,86,L,Y,H,3.14877603938242
645,86,L,Y,N,3.57406345579343
646,86,L,Y,Q,8.14804440998819
647,86,L,Y,S,2.51066025843411
648,86,L,Y,T,5.89149531075914
649,86,L,Y,P,6.58259673676982
650,86,L,Y,C,2.66909520350049
651,86,L,Y,G,9.39192674054452
652,86,L,Y,A,9.22802602279317
653,86,L,Y,V,7.16137442364697
654,86,L,Y,I,8.33469966803926
655,86,L,Y,L,6.40383723504309
656,86,L,Y,M,6.6940677104485
657,86,L,Y,F,3.64617492081074
658,86,L,Y,Y,-5.53973499527937e-07
659,86,L,Y,W,5.35141432884436
667,87,L,F,S,1.77886873023726
671,87,L,F,G,7.33385154813705
673,87,L,F,V,1.50134086436234
675,87,L,F,L,0.896866197598618
677,87,L,F,F,-5.53973499527937e-07
680,88,L,C,R,3.9373161795807
681,88,L,C,K,9.16995620989267
682,88,L,C,D,6.1739041580489
683,88,L,C,E,5.19176722048454
684,88,L,C,H,5.08264941552478
685,88,L,C,N,9.44406474848363
686,88,L,C,Q,8.13162367977586
687,88,L,C,S,3.96536736388119
688,88,L,C,T,6.67487326319235
689,88,L,C,P,10.2006636298593
690,88,L,C,C,-5.53973499527937e-07
691,88,L,C,G,5.16425043707654
692,88,L,C,A,6.80775845224027
693,88,L,C,V,5.23178650281939
694,88,L,C,I,6.45784790839008
695,88,L,C,L,6.07093990683338
696,88,L,C,M,5.51223911575931
697,88,L,C,F,2.95602686782175
698,88,L,C,Y,2.12759263455375
699,88,L,C,W,3.90665154707927
700,89,L,Q,R,2.8490776783788
701,89,L,Q,K,0.948474617190939
702,89,L,Q,D,2.63874691107869
703,89,L,Q,E,2.09318961333183
704,89,L,Q,H,3.10643171377299
705,89,L,Q,N,6.26524668424293
706,89,L,Q,Q,-5.53973499527937e-07
707,89,L,Q,S,5.12593560219955
708,89,L,Q,T,5.62987987354678
709,89,L,Q,P,2.83192454485429
710,89,L,Q,C,4.18698064522579
711,89,L,Q,G,-1.92672754052464
712,89,L,Q,A,6.02626815924284
713,89,L,Q,V,5.01234063632035
714,89,L,Q,I,4.99109652502239
715,89,L,Q,L,4.15034633054277
716,89,L,Q,M,-0.585689690336229
717,89,L,Q,F,6.2383855651583
718,89,L,Q,Y,5.29165826033783
719,89,L,Q,W,4.95048332588087
720,90,L,Q,R,3.21052312619499
721,90,L,Q,K,3.19760568424909
722,90,L,Q,D,4.03550076448627
723,90,L,Q,E,3.3970333938096
724,90,L,Q,H,2.84574300858458
725,90,L,Q,N,5.52654866097221
726,90,L,Q,Q,-5.53973499527937e-07
727,90,L,Q,S,0.195587704996623
728,90,L,Q,T,-0.11864771190094
729,90,L,Q,P,2.2893764103622
730,90,L,Q,C,4.91365051782438
731,90,L,Q,G,6.28115585844264
732,90,L,Q,A,-0.387411220329424
733,90,L,Q,V,6.08475830853064
734,90,L,Q,I,5.54075428606733
735,90,L,Q,L,3.76468573903575
736,90,L,Q,M,5.10470575458709
737,90,L,Q,F,9.32694993871246
738,90,L,Q,Y,5.51636283294317
739,90,L,Q,W,8.84281893020751
740,91,L,S,R,2.17728266372958
741,91,L,S,K,4.94501872843867
742,91,L,S,D,8.80975806794662
743,91,L,S,E,6.08475830853064
744,91,L,S,H,9.59438840488759
745,91,L,S,N,3.13525052778025
746,91,L,S,Q,6.27520527276851
747,91,L,S,S,-5.53973499527937e-07
748,91,L,S,T,2.91871832054062
749,91,L,S,P,5.90005037464151
750,91,L,S,C,2.24832296868456
751,91,L,S,G,4.94902835690603
752,91,L,S,A,5.35003470112495
753,91,L,S,V,8.86850252494221
754,91,L,S,I,3.21137593451228
755,91,L,S,L,5.62874092125964
756,91,L,S,M,5.46571910012442
757,91,L,S,F,3.40368566683108
758,91,L,S,Y,3.92056816813985
759,91,L,S,W,5.45872606463345
760,92,L,N,R,2.65505922227834
761,92,L,N,K,1.73421701095087
762,92,L,N,D,0.552068283883808
763,92,L,N,E,1.17687256255149
764,92,L,N,H,0.301991255118283
765,92,L,N,N,-5.53973499527937e-07
766,92,L,N,Q,1.51793302885044
767,92,L,N,S,-3.21302302999395
768,92,L,N,T,-2.60062303134974
769,92,L,N,P,2.85320391852314
770,92,L,N,C,3.3626891862491
771,92,L,N,G,-3.29379783692131
772,92,L,N,A,-3.37758428598396
773,92,L,N,V,1.22410059558102
774,92,L,N,I,0.0935980840398822
775,92,L,N,L,6.10346087739621
776,92,L,N,M,4.89954591164283
777,92,L,N,F,2.18299811106983
778,92,L,N,Y,1.45267105058462
779,92,L,N,W,3.38434281155665
780,93,L,S,R,6.25516950922968
781,93,L,S,K,5.71412443544464
782,93,L,S,D,6.12362034162269
783,93,L,S,E,9.05188004804336
784,93,L,S,H,4.51523700350198
785,93,L,S,N,5.11013535535385
786,93,L,S,Q,-1.14788367696903
787,93,L,S,S,-5.53973499527937e-07
788,93,L,S,T,-0.227793214976002
789,93,L,S,P,3.25467374886806
790,93,L,S,C,5.63277318478758
791,93,L,S,G,6.39195434214691
792,93,L,S,A,3.0745053186565
793,93,L,S,V,7.08891475320034
794,93,L,S,I,6.25967097980633
795,93,L,S,L,6.10368317612867
796,93,L,S,M,8.88578496609096
797,93,L,S,F,3.3222321807269
798,93,L,S,Y,1.20968654564255
799,93,L,S,W,5.32991755896535
800,94,L,W,R,3.8526348755373
801,94,L,W,K,6.25771211532099
802,94,L,W,D,5.84041254956583
803,94,L,W,E,6.19291212209408
804,94,L,W,H,8.62978668849762
805,94,L,W,N,8.70159250136119
806,94,L,W,Q,7.60298021269308
807,94,L,W,S,4.47020914023054
808,94,L,W,T,5.80477949736217
809,94,L,W,P,7.60831640465098
810,94,L,W,C,3.80749102352088
811,94,L,W,G,5.93006975837378
812,94,L,W,A,9.99985351299576
813,94,L,W,V,9.64010637002005
814,94,L,W,I,8.13162367977586
815,94,L,W,L,3.22258050656585
816,94,L,W,M,5.93138432777155
817,94,L,W,F,5.65640890658889
818,94,L,W,Y,5.42146409112038
819,94,L,W,W,-5.53973499527937e-07
820,95,L,P,R,5.50068410148671
821,95,L,P,K,6.34093178831548
822,95,L,P,D,5.96971875882001
823,95,L,P,E,6.36877065209346
824,95,L,P,H,3.76198726813606
825,95,L,P,N,6.68069109875102
826,95,L,P,Q,1.60575605278151
827,95,L,P,S,2.29459632460346
828,95,L,P,T,2.92569315111534
829,95,L,P,P,-5.53973499527937e-07
830,95,L,P,C,5.44278231478132
831,95,L,P,G,6.83738904149086
832,95,L,P,A,4.09281181978699
833,95,L,P,V,5.99932475222223
834,95,L,P,I,8.42754982200273
835,95,L,P,L,3.79399930921724
836,95,L,P,M,6.28479307392366
837,95,L,P,F,8.87008605654785
838,95,L,P,Y,1.31726521225528
839,95,L,P,W,8.94034395034139
840,96,L,R,R,-5.53973499527937e-07
841,96,L,R,K,9.26494661140722
842,96,L,R,D,8.89508735875327
843,96,L,R,E,8.89354295690189
844,96,L,R,H,2.4182533195844
845,96,L,R,N,7.71450148712548
846,96,L,R,Q,8.64970766599218
847,96,L,R,S,3.05718542912099
848,96,L,R,T,5.39470579917027
849,96,L,R,P,4.32461044534406
850,96,L,R,C,3.2082057965889
851,96,L,R,G,2.50683338657277
852,96,L,R,A,5.54738182435242
853,96,L,R,V,6.71765212417842
854,96,L,R,I,6.86811686881089
855,96,L,R,L,4.16975088255833
856,96,L,R,M,5.67176020811493
857,96,L,R,F,6.79309149814447
858,96,L,R,Y,6.02176519418321
859,96,L,R,W,5.60743288790388
860,97,L,T,R,6.25891316480321
861,97,L,T,K,5.3830273842793
862,97,L,T,D,6.22987731632755
863,97,L,T,E,8.22933915238144
864,97,L,T,H,8.38220200202427
865,97,L,T,N,2.76526345426341
866,97,L,T,Q,7.71951402894903
867,97,L,T,S,3.60165011255752
868,97,L,T,T,-5.53973499527937e-07
869,97,L,T,P,1.88894140264149
870,97,L,T,C,5.86974016466035
871,97,L,T,G,6.95379615555425
872,97,L,T,A,3.43147369681756
873,97,L,T,V,1.01809797938921
874,97,L,T,I,1.91843921328451
875,97,L,T,L,5.21642786139053
876,97,L,T,M,4.92231112241585
877,97,L,T,F,6.8111463719122
878,97,L,T,Y,8.34277508204481
879,97,L,T,W,9.39754473284874
880,98,L,F,R,6.43295463361382
881,98,L,F,K,7.95458615112851
882,98,L,F,D,6.00218715450374
883,98,L,F,E,6.19121712193753
884,98,L,F,H,6.65134276578216
885,98,L,F,N,6.88605930265402
886,98,L,F,Q,5.40557439385206
887,98,L,F,S,4.49610304891544
888,98,L,F,T,6.51029874865824
889,98,L,F,P,6.90146173665829
890,98,L,F,C,5.73831092685261
891,98,L,F,G,6.26931586584966
892,98,L,F,A,8.31284087422676
893,98,L,F,V,2.74045142600417
894,98,L,F,I,3.78681975559259
895,98,L,F,L,3.18316584729668
896,98,L,F,M,6.31235841587142
897,98,L,F,F,-5.53973499527937e-07
898,98,L,F,Y,4.18777997673657
899,98,L,F,W,7.03901381008985
900,99,L,G,R,4.29744158885451
901,99,L,G,K,7.06471305339743
902,99,L,G,D,4.25895553987691
903,99,L,G,E,5.82131819672969
904,99,L,G,H,6.46006207230286
905,99,L,G,N,9.59362123952584
906,99,L,G,Q,6.75431949008471
907,99,L,G,S,-1.0117093304858
908,99,L,G,T,6.0150110047182
909,99,L,G,P,6.86346834021907
910,99,L,G,C,2.7716796360918
911,99,L,G,G,-5.53973499527937e-07
912,99,L,G,A,3.44230666046621
913,99,L,G,V,4.63488251679128
914,99,L,G,I,6.50793662523787
915,99,L,G,L,6.38780023613328
916,99,L,G,M,6.14171320145811
917,99,L,G,F,6.42766367174561
918,99,L,G,Y,5.66080838574837
919,99,L,G,W,3.62256868502687
920,102,L,T,R,5.95044597092305
921,102,L,T,K,4.48545256166245
922,102,L,T,D,9.01834236428765
923,102,L,T,E,6.12894460081931
924,102,L,T,H,4.24446335487476
925,102,L,T,N,1.59951883504009
926,102,L,T,Q,8.9751300664268
927,102,L,T,S,3.76689651222472
928,102,L,T,T,-5.53973499527937e-07
929,102,L,T,P,1.75914340848385
930,102,L,T,C,6.02686980777792
931,102,L,T,G,8.0701709005622
932,102,L,T,A,1.53762591451878
933,102,L,T,V,6.05981428173404
934,102,L,T,I,3.10655304117317
935,102,L,T,L,7.85888063627259
936,102,L,T,M,5.14697496679678
937,102,L,T,F,6.21994259409346
938,102,L,T,Y,8.80301267980709
939,102,L,T,W,5.79514440161577
940,11,H,V,R,0.714825639
941,11,H,V,K,1.389785416
942,11,H,V,D,1.091000061
943,11,H,V,E,0.441016817
944,11,H,V,H,-0.497046661
945,11,H,V,N,-0.398982621
946,11,H,V,Q,0.446374785
947,11,H,V,S,1.387341418
948,11,H,V,T,-0.309619383
949,11,H,V,P,1.470016377
950,11,H,V,C,4.039682138
951,11,H,V,G,3.046644529
952,11,H,V,A,2.937980585
953,11,H,V,V,-1.08e-06
954,11,H,V,I,0.609740762
955,11,H,V,L,1.137183223
956,11,H,V,M,4.563814511
957,11,H,V,F,-0.19256525
959,11,H,V,W,0.580853476
960,21,H,S,R,3.251691129
961,21,H,S,K,1.193944019
962,21,H,S,D,5.157356587
963,21,H,S,E,8.773559924
964,21,H,S,H,1.665513567
965,21,H,S,N,5.389943079
966,21,H,S,Q,5.686200716
967,21,H,S,S,-1.08e-06
968,21,H,S,T,1.839748294
969,21,H,S,P,0.920296331
970,21,H,S,C,2.093082672
971,21,H,S,G,1.829005058
972,21,H,S,A,0.873163919
973,21,H,S,V,3.029825592
975,21,H,S,L,5.242040854
976,21,H,S,M,8.069280903
977,21,H,S,F,2.647332004
978,21,H,S,Y,0.686146932
979,21,H,S,W,0.112839538
980,22,H,C,R,3.500549217
981,22,H,C,K,8.908013401
982,22,H,C,D,8.271307531
983,22,H,C,E,8.643711777
985,22,H,C,N,9.282908443
986,22,H,C,Q,8.031253508
987,22,H,C,S,4.798897521
988,22,H,C,T,6.077942243
989,22,H,C,P,6.869370393
990,22,H,C,C,-1.08e-06
991,22,H,C,G,5.332392274
992,22,H,C,A,9.165402531
993,22,H,C,V,9.012082761
994,22,H,C,I,8.141254403
995,22,H,C,L,6.57896762
996,22,H,C,M,8.324732698
997,22,H,C,F,3.65970332
998,22,H,C,Y,2.585714171
999,22,H,C,W,3.257207925
1000,23,H,K,R,0.969219922
1001,23,H,K,K,-1.08e-06
1002,23,H,K,D,6.024072533
1003,23,H,K,E,3.22571799
1004,23,H,K,H,2.037634567
1005,23,H,K,N,1.489229176
1006,23,H,K,Q,1.323231686
1007,23,H,K,S,2.943767803
1008,23,H,K,T,1.951656034
1009,23,H,K,P,6.201928223
1010,23,H,K,C,0.926950691
1011,23,H,K,G,7.942895847
1012,23,H,K,A,6.550165629
1013,23,H,K,V,2.438373548
1014,23,H,K,I,3.40601335
1015,23,H,K,L,4.127431705
1016,23,H,K,M,2.154762197
1017,23,H,K,F,9.116861712
1018,23,H,K,Y,4.83432685
1019,23,H,K,W,2.159238326
1020,24,H,A,R,4.393637647
1021,24,H,A,K,5.869921853
1022,24,H,A,D,3.884261049
1023,24,H,A,E,1.048462116
1024,24,H,A,H,6.147942015
1025,24,H,A,N,9.534469207
1026,24,H,A,Q,8.676772639
1027,24,H,A,S,4.460811079
1028,24,H,A,T,3.350297953
1029,24,H,A,P,4.680056595
1030,24,H,A,C,0.921804531
1031,24,H,A,G,3.532722751
1032,24,H,A,A,-1.08e-06
1033,24,H,A,V,3.443271518
1034,24,H,A,I,5.644371562
1035,24,H,A,L,6.249090499
1036,24,H,A,M,8.769863062
1037,24,H,A,F,9.731056341
1038,24,H,A,Y,8.970533758
1039,24,H,A,W,6.439972519
1040,25,H,T,R,3.537505788
1041,25,H,T,K,5.444564164
1043,25,H,T,E,2.965465356
1044,25,H,T,H,1.662036043
1045,25,H,T,N,2.519928895
1047,25,H,T,S,0.981859267
1048,25,H,T,T,-1.08e-06
1049,25,H,T,P,1.660350608
1050,25,H,T,C,1.702789754
1051,25,H,T,G,6.306935319
1052,25,H,T,A,3.139600497
1053,25,H,T,V,1.047900007
1054,25,H,T,I,1.46325911
1055,25,H,T,L,2.907320912
1056,25,H,T,M,4.634018769
1057,25,H,T,F,2.162756118
1058,25,H,T,Y,0.323766996
1059,25,H,T,W,2.21958354
1060,26,H,G,R,5.805258246
1061,26,H,G,K,8.386376861
1062,26,H,G,D,3.057357416
1063,26,H,G,E,4.720049455
1064,26,H,G,H,8.30723954
1065,26,H,G,N,6.69512425
1066,26,H,G,Q,7.933615038
1067,26,H,G,S,4.11083941
1068,26,H,G,T,9.046371834
1069,26,H,G,P,9.278463991
1070,26,H,G,C,3.570261669
1071,26,H,G,G,-1.08e-06
1072,26,H,G,A,4.468462922
1073,26,H,G,V,3.115260275
1074,26,H,G,I,7.844269938
1075,26,H,G,L,7.141733017
1076,26,H,G,M,8.113083526
1077,26,H,G,F,6.769997919
1078,26,H,G,Y,7.983625459
1079,26,H,G,W,8.626762219
1080,27,H,Y,R,6.277039854
1081,27,H,Y,K,6.211418079
1082,27,H,Y,D,3.454965166
1083,27,H,Y,E,5.563454006
1084,27,H,Y,H,3.541237135
1085,27,H,Y,N,4.618035042
1086,27,H,Y,Q,5.601859568
1087,27,H,Y,S,3.327626372
1088,27,H,Y,T,9.262750985
1089,27,H,Y,P,9.349385217
1090,27,H,Y,C,3.373923804
1091,27,H,Y,G,6.868352729
1092,27,H,Y,A,9.309168157
1093,27,H,Y,V,6.978103593
1094,27,H,Y,I,6.493857607
1095,27,H,Y,L,6.703388235
1096,27,H,Y,M,8.732122734
1097,27,H,Y,F,4.008212551
1098,27,H,Y,Y,-1.08e-06
1099,27,H,Y,W,5.266011527
1100,28,H,T,R,2.865158397
1101,28,H,T,K,2.203896919
1102,28,H,T,D,-1.452165674
1103,28,H,T,E,-1.32425857
1104,28,H,T,H,3.686381959
1105,28,H,T,N,1.251038498
1106,28,H,T,Q,1.801657849
1107,28,H,T,S,0.705450468
1108,28,H,T,T,-1.08e-06
1109,28,H,T,P,0.360292763
1110,28,H,T,C,6.120880093
1111,28,H,T,G,5.016393859
1112,28,H,T,A,0.531009329
1113,28,H,T,V,-1.06151618
1114,28,H,T,I,-0.365108928
1115,28,H,T,L,1.862736208
1116,28,H,T,M,1.354924669
1117,28,H,T,F,5.07225795
1118,28,H,T,Y,5.427813353
1119,28,H,T,W,5.958801143
1120,29,H,F,R,9.541342086
1121,29,H,F,K,9.216446417
1122,29,H,F,D,8.68082944
1123,29,H,F,E,8.949093427
1124,29,H,F,H,9.071338457
1125,29,H,F,N,7.307334668
1126,29,H,F,Q,8.631026617
1127,29,H,F,S,3.534575003
1128,29,H,F,T,6.25068401
1129,29,H,F,P,9.653018233
1130,29,H,F,C,2.128358053
1131,29,H,F,G,7.885057947
1132,29,H,F,A,7.009915421
1133,29,H,F,V,4.250669525
1134,29,H,F,I,2.562063806
1135,29,H,F,L,1.833804321
1136,29,H,F,M,6.4119005
1137,29,H,F,F,-1.08e-06
1138,29,H,F,Y,2.899334243
1139,29,H,F,W,5.343255965
1140,30,H,S,R,2.17970219
1141,30,H,S,K,3.449231898
1142,30,H,S,D,4.328425398
1143,30,H,S,E,1.912238041
1144,30,H,S,H,5.508895022
1145,30,H,S,N,2.014385219
1146,30,H,S,Q,0.967804379
1147,30,H,S,S,-1.08e-06
1148,30,H,S,T,-2.658459346
1149,30,H,S,P,1.492247028
1150,30,H,S,C,3.525851041
1151,30,H,S,G,3.349162307
1152,30,H,S,A,1.459789144
1153,30,H,S,V,6.247216085
1154,30,H,S,I,4.110423246
1155,30,H,S,L,5.708865787
1156,30,H,S,M,1.250865643
1157,30,H,S,F,3.710437604
1158,30,H,S,Y,0.806328438
1159,30,H,S,W,8.499317272
1160,31,H,T,R,4.989260679
1161,31,H,T,K,2.452668785
1162,31,H,T,D,-1.36570494
1163,31,H,T,E,-2.42989127
1164,31,H,T,H,-2.206021132
1165,31,H,T,N,-2.297146325
1167,31,H,T,S,2.916894005
1168,31,H,T,T,-1.08e-06
1169,31,H,T,P,1.84185277
1170,31,H,T,C,8.802652885
1171,31,H,T,G,5.998899036
1172,31,H,T,A,1.771895015
1173,31,H,T,V,4.755200001
1174,31,H,T,I,2.890124425
1175,31,H,T,L,6.126015304
1176,31,H,T,M,8.489561097
1177,31,H,T,F,2.3367709
1178,31,H,T,Y,1.569651412
1179,31,H,T,W,8.823930284
1180,32,H,Y,R,2.928544233
1181,32,H,Y,K,7.127915871
1182,32,H,Y,D,2.745810326
1183,32,H,Y,E,5.642017928
1184,32,H,Y,H,3.112373872
1185,32,H,Y,N,4.621276147
1186,32,H,Y,Q,8.958338485
1187,32,H,Y,S,1.614056075
1188,32,H,Y,T,6.878020135
1189,32,H,Y,P,6.476270836
1190,32,H,Y,C,4.04017314
1191,32,H,Y,G,3.775726768
1192,32,H,Y,A,6.481513085
1193,32,H,Y,V,10.17632309
1194,32,H,Y,I,9.315626737
1195,32,H,Y,L,6.556163648
1196,32,H,Y,M,9.47039035
1197,32,H,Y,F,2.202866115
1198,32,H,Y,Y,-1.08e-06
1199,32,H,Y,W,9.700859942
1200,34,H,I,R,3.86251144
1201,34,H,I,K,4.754733736
1202,34,H,I,D,8.195321624
1203,34,H,I,E,6.202891459
1204,34,H,I,H,3.209662316
1205,34,H,I,N,0.603808697
1206,34,H,I,Q,2.016870161
1207,34,H,I,S,0.622549001
1208,34,H,I,T,3.193699574
1209,34,H,I,P,6.411052827
1210,34,H,I,C,1.418406346
1211,34,H,I,G,6.825634999
1212,34,H,I,A,6.705791018
1213,34,H,I,V,4.425149698
1214,34,H,I,I,-1.08e-06
1215,34,H,I,L,0.926161829
1216,34,H,I,M,1.831379937
1217,34,H,I,F,1.935870535
1218,34,H,I,Y,4.377849962
1219,34,H,I,W,5.67138563
1220,35,H,E,R,5.693291268
1221,35,H,E,K,3.307892206
1222,35,H,E,D,0.43210863
1223,35,H,E,E,-1.08e-06
1224,35,H,E,H,4.625225706
1225,35,H,E,N,5.52741407
1226,35,H,E,Q,2.496038368
1227,35,H,E,S,6.791327686
1228,35,H,E,T,7.117426265
1229,35,H,E,P,2.350655931
1230,35,H,E,C,8.802652885
1231,35,H,E,G,4.226993903
1232,35,H,E,A,2.024338853
1233,35,H,E,V,4.19616455
1234,35,H,E,I,6.211625139
1235,35,H,E,L,4.31570929
1236,35,H,E,M,8.459708134
1237,35,H,E,F,9.40388912
1238,35,H,E,Y,5.966502681
1239,35,H,E,W,6.522938816
1240,36,H,W,R,3.550615516
1241,36,H,W,K,8.21486622
1242,36,H,W,D,8.054243026
1243,36,H,W,E,8.252845468
1244,36,H,W,H,8.927183317
1245,36,H,W,N,8.31310466
1246,36,H,W,Q,8.246614919
1247,36,H,W,S,2.700678653
1248,36,H,W,T,5.505774895
1249,36,H,W,P,3.242096486
1250,36,H,W,C,1.866201867
1251,36,H,W,G,3.103618507
1252,36,H,W,A,6.262483557
1253,36,H,W,V,9.343141701
1254,36,H,W,I,8.508979183
1255,36,H,W,L,3.935039945
1256,36,H,W,M,5.543019068
1257,36,H,W,F,9.380031129
1258,36,H,W,Y,6.176223212
1259,36,H,W,W,-1.08e-06
1260,37,H,V,R,3.659038299
1261,37,H,V,K,3.674831749
1262,37,H,V,D,1.345392561
1263,37,H,V,E,5.124130939
1264,37,H,V,H,3.564483691
1266,37,H,V,Q,4.092598025
1267,37,H,V,S,2.003356442
1268,37,H,V,T,3.331477615
1269,37,H,V,P,2.840209053
1270,37,H,V,C,2.245891046
1271,37,H,V,G,2.36950645
1272,37,H,V,A,2.711242773
1273,37,H,V,V,-1.08e-06
1274,37,H,V,I,-2.389278608
1275,37,H,V,L,-1.375264437
1276,37,H,V,M,-3.043710908
1277,37,H,V,F,1.590227978
1278,37,H,V,Y,5.285973965
1279,37,H,V,W,5.454321125
1280,38,H,K,R,1.363737984
1281,38,H,K,K,-1.08e-06
1282,38,H,K,D,4.989727327
1283,38,H,K,E,3.341622906
1284,38,H,K,H,3.983935042
1285,38,H,K,N,0.747073696
1286,38,H,K,Q,0.565164712
1287,38,H,K,S,5.160368637
1288,38,H,K,T,1.030060822
1289,38,H,K,P,7.046422837
1290,38,H,K,C,8.622479557
1291,38,H,K,G,5.688096451
1292,38,H,K,A,6.236166248
1293,38,H,K,V,-0.134024882
1294,38,H,K,I,2.488211359
1295,38,H,K,L,3.609632905
1296,38,H,K,M,1.013737798
1297,38,H,K,F,5.938331804
1298,38,H,K,Y,1.678002105
1299,38,H,K,W,8.555936166
1300,39,H,Q,R,3.904288154
1301,39,H,Q,K,0.508961954
1302,39,H,Q,D,4.968562516
1303,39,H,Q,E,2.127637051
1304,39,H,Q,H,0.999217828
1305,39,H,Q,N,4.195733488
1306,39,H,Q,Q,-1.08e-06
1307,39,H,Q,S,2.704719062
1308,39,H,Q,T,4.436128332
1309,39,H,Q,P,2.041559024
1310,39,H,Q,C,5.816970947
1311,39,H,Q,G,4.858757909
1312,39,H,Q,A,1.939544977
1313,39,H,Q,V,7.256653182
1314,39,H,Q,I,3.859078628
1315,39,H,Q,L,2.038568904
1316,39,H,Q,M,0.762680376
1317,39,H,Q,F,2.319291808
1318,39,H,Q,Y,1.169060608
1319,39,H,Q,W,8.942882226
1320,42,H,G,R,4.487705005
1321,42,H,G,K,8.186434852
1322,42,H,G,D,-0.266432454
1323,42,H,G,E,5.094284365
1324,42,H,G,H,8.231897226
1325,42,H,G,N,1.973866303
1326,42,H,G,Q,5.373728609
1327,42,H,G,S,3.342267065
1328,42,H,G,T,8.073292196
1329,42,H,G,P,6.17047419
1330,42,H,G,C,2.66325257
1331,42,H,G,G,-5.95e-07
1332,42,H,G,A,4.262133226
1333,42,H,G,V,3.263411458
1335,42,H,G,L,6.351913524
1337,42,H,G,F,7.969088419
1338,42,H,G,Y,4.489773258
1339,42,H,G,W,5.284703132
1340,43,H,H,R,0.706534345
1341,43,H,H,K,-0.369558593
1342,43,H,H,D,1.846396267
1343,43,H,H,E,-0.080180884
1344,43,H,H,H,-5.95e-07
1345,43,H,H,N,1.44401243
1346,43,H,H,Q,0.489328601
1347,43,H,H,S,4.452946371
1348,43,H,H,T,5.160614681
1349,43,H,H,P,3.642873407
1350,43,H,H,C,4.761706973
1351,43,H,H,G,-1.467921092
1352,43,H,H,A,3.096038889
1353,43,H,H,V,2.453972636
1354,43,H,H,I,0.05064087
1355,43,H,H,L,1.474874907
1357,43,H,H,F,5.040950177
1358,43,H,H,Y,-0.665230552
1359,43,H,H,W,5.013021401
1360,44,H,G,R,-0.494590506
1361,44,H,G,K,-0.234357565
1362,44,H,G,D,0.791032675
1363,44,H,G,E,0.334313482
1364,44,H,G,H,4.286458224
1365,44,H,G,N,0.475974042
1366,44,H,G,Q,0.464421567
1367,44,H,G,S,-0.693460775
1368,44,H,G,T,0.093212238
1369,44,H,G,P,-0.715567881
1370,44,H,G,C,2.544064053
1371,44,H,G,G,-5.95e-07
1372,44,H,G,A,-0.448919706
1373,44,H,G,V,3.856668118
1375,44,H,G,L,5.543016941
1376,44,H,G,M,3.855814948
1377,44,H,G,F,5.842851569
1379,44,H,G,W,4.372242206
1380,45,H,L,R,1.24139761
1381,45,H,L,K,4.982378335
1382,45,H,L,D,6.747622457
1383,45,H,L,E,4.993868969
1384,45,H,L,H,3.317100953
1385,45,H,L,N,5.304218416
1386,45,H,L,Q,0.521703855
1387,45,H,L,S,4.810234014
1388,45,H,L,T,5.528530874
1389,45,H,L,P,-0.119145626
1390,45,H,L,C,4.387905363
1391,45,H,L,G,6.599253051
1392,45,H,L,A,6.439502635
1393,45,H,L,V,4.903482435
1394,45,H,L,I,1.096010854
1395,45,H,L,L,-5.95e-07
1396,45,H,L,M,0.485894044
1397,45,H,L,F,0.154048275
1398,45,H,L,Y,4.045405065
1399,45,H,L,W,4.064567771
1400,46,H,E,R,9.305001755
1401,46,H,E,K,4.015945532
1402,46,H,E,D,1.367978803
1403,46,H,E,E,-5.95e-07
1404,46,H,E,H,8.341249763
1405,46,H,E,N,8.755968077
1406,46,H,E,Q,0.37407288
1407,46,H,E,S,8.95783423
1408,46,H,E,T,5.890172225
1409,46,H,E,P,9.189116614
1410,46,H,E,C,8.279628629
1411,46,H,E,G,3.210760642
1412,46,H,E,A,1.229481329
1413,46,H,E,V,3.042201839
1414,46,H,E,I,8.068070252
1415,46,H,E,L,9.573891328
1416,46,H,E,M,8.158131076
1417,46,H,E,F,8.549138101
1418,46,H,E,Y,8.275382338
1419,46,H,E,W,8.275382338
1420,47,H,W,R,4.039121399
1421,47,H,W,K,8.841662798
1422,47,H,W,D,5.359543974
1423,47,H,W,E,8.457703895
1424,47,H,W,H,5.480496584
1425,47,H,W,N,6.17047419
1426,47,H,W,Q,4.516206515
1427,47,H,W,S,4.437045897
1428,47,H,W,T,8.792147733
1429,47,H,W,P,9.134764938
1430,47,H,W,C,1.593727877
1431,47,H,W,G,3.66918113
1432,47,H,W,A,8.776802164
1433,47,H,W,V,5.437701074
1434,47,H,W,I,7.73577775
1435,47,H,W,L,3.522145516
1436,47,H,W,M,7.846234745
1437,47,H,W,F,4.963010981
1438,47,H,W,Y,-3.281107504
1439,47,H,W,W,-5.95e-07
1440,48,H,I,R,4.107913295
1441,48,H,I,K,4.476167606
1442,48,H,I,D,5.362261367
1443,48,H,I,E,8.740052621
1444,48,H,I,H,5.112482195
1445,48,H,I,N,2.124381246
1446,48,H,I,Q,8.292260376
1447,48,H,I,S,2.519350454
1448,48,H,I,T,2.626167453
1449,48,H,I,P,9.87627319
1450,48,H,I,C,8.860802138
1451,48,H,I,G,5.672832162
1452,48,H,I,A,7.317624659
1453,48,H,I,V,0.34143945
1454,48,H,I,I,-5.95e-07
1455,48,H,I,L,2.985249731
1456,48,H,I,M,1.513704356
1457,48,H,I,F,3.107531
1458,48,H,I,Y,6.404353557
1459,48,H,I,W,8.506156278
1460,49,H,G,R,5.308840215
1461,49,H,G,K,8.461243722
1462,49,H,G,D,1.299571293
1463,49,H,G,E,4.631086791
1464,49,H,G,H,8.32112836
1465,49,H,G,N,5.660152345
1467,49,H,G,S,2.808510817
1468,49,H,G,T,8.406783805
1469,49,H,G,P,3.682260998
1470,49,H,G,C,2.436945364
1471,49,H,G,G,-5.95e-07
1472,49,H,G,A,4.771717067
1473,49,H,G,V,2.373821794
1474,49,H,G,I,-0.943842233
1475,49,H,G,L,6.882489855
1476,49,H,G,M,8.181772839
1477,49,H,G,F,8.611854575
1478,49,H,G,Y,8.292260376
1479,49,H,G,W,7.440769637
1480,50,H,E,R,6.409842175
1481,50,H,E,K,3.00325978
1482,50,H,E,D,1.048974599
1483,50,H,E,E,-5.95e-07
1485,50,H,E,N,6.151242828
1486,50,H,E,Q,3.727197571
1487,50,H,E,S,8.853667744
1488,50,H,E,T,6.255631998
1489,50,H,E,P,8.989582928
1490,50,H,E,C,8.353131091
1491,50,H,E,G,2.996334259
1492,50,H,E,A,2.577312608
1493,50,H,E,V,2.933366572
1494,50,H,E,I,8.218474206
1495,50,H,E,L,9.044307828
1496,50,H,E,M,7.713636624
1497,50,H,E,F,6.023703618
1498,50,H,E,Y,7.878391857
1499,50,H,E,W,5.230085907
1500,51,H,I,R,5.261701316
1501,51,H,I,K,5.84431892
1502,51,H,I,D,5.779193717
1503,51,H,I,E,8.143672993
1504,51,H,I,H,8.204868554
1505,51,H,I,N,2.896822719
1506,51,H,I,Q,0.503691971
1507,51,H,I,S,1.532693553
1508,51,H,I,T,3.294579234
1509,51,H,I,P,9.385278244
1510,51,H,I,C,-0.550966723
1511,51,H,I,G,7.03128577
1512,51,H,I,A,8.831953984
1513,51,H,I,V,-0.368882946
1514,51,H,I,I,-5.95e-07
1515,51,H,I,L,1.995921419
1516,51,H,I,M,3.000880814
1517,51,H,I,F,2.889430075
1518,51,H,I,Y,8.258214535
1519,51,H,I,W,5.654343514
1520,52,H,L,R,3.456075769
1521,52,H,L,K,6.381480895
1522,52,H,L,D,7.73577775
1523,52,H,L,E,8.093911483
1524,52,H,L,H,5.559565108
1525,52,H,L,N,7.81974313
1526,52,H,L,Q,4.741087686
1527,52,H,L,S,6.391711163
1528,52,H,L,T,8.526223841
1529,52,H,L,P,3.345141496
1531,52,H,L,G,5.713311469
1532,52,H,L,A,8.59654034
1533,52,H,L,V,2.590217218
1535,52,H,L,L,-5.95e-07
1536,52,H,L,M,0.748516192
1537,52,H,L,F,5.16283368
1539,52,H,L,W,8.133916818
1540,53,H,P,R,3.32743678
1541,53,H,P,K,5.588385546
1543,53,H,P,E,5.481701404
1544,53,H,P,H,4.957758723
1545,53,H,P,N,8.158131076
1546,53,H,P,Q,1.580353305
1547,53,H,P,S,1.843161881
1548,53,H,P,T,1.501094556
1549,53,H,P,P,-5.95e-07
1550,53,H,P,C,8.679428
1551,53,H,P,G,6.207424755
1552,53,H,P,A,4.410215681
1553,53,H,P,V,8.877253743
1554,53,H,P,I,5.380746182
1555,53,H,P,L,2.497008514
1556,53,H,P,M,4.849869761
1557,53,H,P,F,5.465006525
1558,53,H,P,Y,8.114114191
1559,53,H,P,W,7.991946557
1560,54,H,G,R,4.81911467
1561,54,H,G,K,6.63250965
1562,54,H,G,D,2.609780238
1563,54,H,G,E,6.164104742
1564,54,H,G,H,6.381480895
1565,54,H,G,N,8.933894022
1566,54,H,G,Q,5.084480365
1567,54,H,G,S,4.049202335
1568,54,H,G,T,8.953523878
1569,54,H,G,P,9.298904175
1570,54,H,G,C,3.222160001
1571,54,H,G,G,-5.95e-07
1572,54,H,G,A,2.285025808
1573,54,H,G,V,3.989010936
1574,54,H,G,I,8.041543498
1575,54,H,G,L,7.21807162
1576,54,H,G,M,8.399293133
1577,54,H,G,F,8.970654918
1578,54,H,G,Y,8.387950856
1579,54,H,G,W,5.257082851
1580,56,H,G,R,2.080000747
1581,56,H,G,K,8.39552665
1582,56,H,G,D,-0.665124912
1583,56,H,G,E,0.672994681
1585,56,H,G,N,-0.84379525
1586,56,H,G,Q,0.577076031
1587,56,H,G,S,2.893115072
1588,56,H,G,T,6.036575599
1589,56,H,G,P,6.882489855
1590,56,H,G,C,2.629086087
1591,56,H,G,G,-5.95e-07
1592,56,H,G,A,3.101813617
1593,56,H,G,V,3.314691721
1594,56,H,G,I,5.285436002
1595,56,H,G,L,7.015047253
1596,56,H,G,M,7.569387015
1597,56,H,G,F,9.004060947
1598,56,H,G,Y,7.706145952
1599,56,H,G,W,4.618251582
1600,57,H,S,R,1.580206573
1601,57,H,S,K,6.267226331
1602,57,H,S,D,4.135399811
1603,57,H,S,E,4.193993975
1604,57,H,S,H,5.539595382
1605,57,H,S,N,2.84840841
1606,57,H,S,Q,7.577970759
1607,57,H,S,S,-5.95e-07
1608,57,H,S,T,1.708242598
1609,57,H,S,P,2.173630633
1610,57,H,S,C,2.43298425
1611,57,H,S,G,1.352586154
1612,57,H,S,A,-2.926672033
1613,57,H,S,V,-2.289554595
1614,57,H,S,I,1.846899792
1615,57,H,S,L,5.078376582
1616,57,H,S,M,-0.254340996
1617,57,H,S,F,4.458811032
1619,57,H,S,W,4.858870722
1620,58,H,T,R,5.432190294
1621,58,H,T,K,5.952692582
1623,58,H,T,E,1.753826566
1624,58,H,T,H,4.822536534
1625,58,H,T,N,1.333914595
1627,58,H,T,S,2.470864565
1628,58,H,T,T,-5.95e-07
1629,58,H,T,P,1.618625265
1631,58,H,T,G,6.671730363
1632,58,H,T,A,2.068582422
1633,58,H,T,V,-0.775801483
1635,58,H,T,L,8.258214535
1636,58,H,T,M,0.217960339
1639,58,H,T,W,7.644110561
1640,59,H,Y,R,5.838579275
1641,59,H,Y,K,6.873100115
1642,59,H,Y,D,1.752443071
1643,59,H,Y,E,5.098837321
1644,59,H,Y,H,2.331180406
1645,59,H,Y,N,2.784957376
1646,59,H,Y,Q,5.990055583
1647,59,H,Y,S,1.175508906
1648,59,H,Y,T,5.658453109
1649,59,H,Y,P,6.718250378
1650,59,H,Y,C,0.878789588
1651,59,H,Y,G,2.553599074
1652,59,H,Y,A,5.284174172
1653,59,H,Y,V,5.706168582
1654,59,H,Y,I,6.144749299
1655,59,H,Y,L,5.139469479
1656,59,H,Y,M,8.218474206
1657,59,H,Y,F,-1.034860703
1658,59,H,Y,Y,-5.95e-07
1659,59,H,Y,W,-1.774663185
1660,60,H,Y,R,6.146299206
1661,60,H,Y,K,2.716057866
1662,60,H,Y,D,0.32348565
1663,60,H,Y,E,0.314754786
1664,60,H,Y,H,0.355729797
1665,60,H,Y,N,1.365275532
1667,60,H,Y,S,1.250777577
1668,60,H,Y,T,-2.012087028
1669,60,H,Y,P,4.053450161
1670,60,H,Y,C,-1.436117795
1671,60,H,Y,G,5.95748301
1672,60,H,Y,A,-1.282819113
1673,60,H,Y,V,-2.888146928
1674,60,H,Y,I,-1.608767979
1675,60,H,Y,L,-0.21168739
1676,60,H,Y,M,3.914409113
1677,60,H,Y,F,1.708364192
1678,60,H,Y,Y,-5.95e-07
1679,60,H,Y,W,7.63607839
1680,61,H,N,R,1.373626564
1681,61,H,N,K,0.769992199
1683,61,H,N,E,2.734007391
1684,61,H,N,H,0.815436404
1685,61,H,N,N,-5.95e-07
1686,61,H,N,Q,5.454854154
1687,61,H,N,S,0.014486755
1688,61,H,N,T,1.853169132
1689,61,H,N,P,5.848106804
1691,61,H,N,G,1.765205764
1692,61,H,N,A,-1.081470795
1693,61,H,N,V,5.213692097
1694,61,H,N,I,1.905236767
1695,61,H,N,L,5.20499639
1696,61,H,N,M,7.497928051
1698,61,H,N,Y,1.572423596
1699,61,H,N,W,7.479235918
1700,62,H,E,R,-0.409687551
1701,62,H,E,K,-0.646084595
1702,62,H,E,D,0.773285802
1703,62,H,E,E,-5.95e-07
1704,62,H,E,H,3.819510371
1705,62,H,E,N,-0.202120566
1706,62,H,E,Q,2.969000982
1707,62,H,E,S,1.352121544
1708,62,H,E,T,0.840182508
1709,62,H,E,P,1.611329093
1710,62,H,E,C,7.63607839
1711,62,H,E,G,2.90152861
1712,62,H,E,A,1.006741615
1713,62,H,E,V,2.016127013
1714,62,H,E,I,5.523847025
1715,62,H,E,L,5.811529098
1716,62,H,E,M,8.088796383
1717,62,H,E,F,7.51627719
1718,62,H,E,Y,7.667827088
1720,63,H,K,R,-0.216137331
1721,63,H,K,K,-5.95e-07
1722,63,H,K,D,2.717999081
1723,63,H,K,E,1.744031785
1724,63,H,K,H,0.726309754
1725,63,H,K,N,0.314328823
1726,63,H,K,Q,0.690361499
1727,63,H,K,S,5.488302088
1728,63,H,K,T,1.239579218
1729,63,H,K,P,2.290396489
1730,63,H,K,C,5.373728609
1731,63,H,K,G,2.210344781
1732,63,H,K,A,0.325738753
1733,63,H,K,V,1.668094925
1734,63,H,K,I,3.032325136
1735,63,H,K,L,1.778306389
1736,63,H,K,M,5.300703474
1738,63,H,K,Y,4.444103221
1740,64,H,F,R,6.179803177
1741,64,H,F,K,8.104063855
1742,64,H,F,D,5.769759685
1743,64,H,F,E,8.271117939
1744,64,H,F,H,8.726593468
1745,64,H,F,N,8.495969433
1746,64,H,F,Q,6.084328239
1747,64,H,F,S,3.620328635
1748,64,H,F,T,8.881904914
1749,64,H,F,P,9.917472796
1750,64,H,F,C,2.848452787
1751,64,H,F,G,6.534003893
1752,64,H,F,A,1.623439126
1753,64,H,F,V,2.289784611
1754,64,H,F,I,3.01453141
1755,64,H,F,L,1.335327216
1756,64,H,F,M,5.57695685
1757,64,H,F,F,-5.95e-07
1758,64,H,F,Y,-0.389585227
1759,64,H,F,W,6.502400964
1760,65,H,K,R,0.541487181
1761,65,H,K,K,-5.95e-07
1763,65,H,K,E,-0.564075495
1764,65,H,K,H,3.084060811
1765,65,H,K,N,0.116981332
1766,65,H,K,Q,0.558219993
1767,65,H,K,S,1.981588156
1768,65,H,K,T,0.637786553
1769,65,H,K,P,2.275681055
1770,65,H,K,C,4.533448321
1771,65,H,K,G,5.555849756
1772,65,H,K,A,0.189120069
1773,65,H,K,V,8.676583048
1774,65,H,K,I,1.775662733
1775,65,H,K,L,4.855233031
1776,65,H,K,M,1.546606381
1778,65,H,K,Y,5.137250401
1779,65,H,K,W,7.963291301
1780,66,H,G,R,3.031238155
1781,66,H,G,K,5.986246055
1782,66,H,G,D,-0.081795182
1783,66,H,G,E,0.769682286
1784,66,H,G,H,6.176803325
1785,66,H,G,N,0.180053661
1786,66,H,G,Q,7.543184643
1787,66,H,G,S,0.306884535
1788,66,H,G,T,0.97148368
1789,66,H,G,P,6.663916027
1790,66,H,G,C,1.960806618
1791,66,H,G,G,-5.95e-07
1792,66,H,G,A,3.394785099
1793,66,H,G,V,2.887770324
1794,66,H,G,I,7.933790636
1795,66,H,G,L,3.838326806
1797,66,H,G,F,7.627981179
1798,66,H,G,Y,5.205393294
1799,66,H,G,W,7.61158737
1800,67,H,K,R,3.323197787
1801,67,H,K,K,-5.95e-07
1803,67,H,K,E,2.5767467
1804,67,H,K,H,3.347348578
1805,67,H,K,N,0.740132247
1806,67,H,K,Q,1.136545864
1807,67,H,K,S,6.679393236
1808,67,H,K,T,1.52322413
1809,67,H,K,P,0.501659666
1810,67,H,K,C,7.594920317
1811,67,H,K,G,8.387950856
1812,67,H,K,A,5.24354506
1813,67,H,K,V,8.129002803
1814,67,H,K,I,2.720939031
1815,67,H,K,L,6.450987773
1817,67,H,K,F,7.986280819
1818,67,H,K,Y,5.664925623
1820,68,H,A,R,5.997631377
1821,68,H,A,K,5.69601621
1822,68,H,A,D,4.294464505
1823,68,H,A,E,0.387016063
1824,68,H,A,H,5.986246055
1825,68,H,A,N,5.576409355
1826,68,H,A,Q,5.69090111
1827,68,H,A,S,2.73040174
1828,68,H,A,T,-0.021565043
1829,68,H,A,P,4.182090518
1831,68,H,A,G,3.373042006
1832,68,H,A,A,-5.95e-07
1833,68,H,A,V,-0.308517399
1835,68,H,A,L,5.670174979
1836,68,H,A,M,4.964231237
1838,68,H,A,Y,7.534295695
1840,69,H,T,R,0.136215529
1841,69,H,T,K,-0.412048092
1842,69,H,T,D,-0.187612671
1843,69,H,T,E,-0.418387239
1844,69,H,T,H,0.519505503
1845,69,H,T,N,-1.15426086
1846,69,H,T,Q,-0.092429207
1847,69,H,T,S,-0.426921431
1848,69,H,T,T,-5.95e-07
1849,69,H,T,P,2.026998856
1850,69,H,T,C,1.948231112
1851,69,H,T,G,2.241844966
1852,69,H,T,A,0.415217612
1853,69,H,T,V,0.272035964
1854,69,H,T,I,0.546209226
1855,69,H,T,L,-0.27196371
1856,69,H,T,M,0.642940838
1857,69,H,T,F,5.369696345
1858,69,H,T,Y,4.73560822
1859,69,H,T,W,8.041543498
1860,70,H,F,R,9.052166414
1861,70,H,F,K,5.246215289
1862,70,H,F,D,8.577848207
1863,70,H,F,E,7.915663252
1864,70,H,F,H,8.372624886
1865,70,H,F,N,5.727111756
1866,70,H,F,Q,7.81974313
1867,70,H,F,S,2.977220263
1868,70,H,F,T,6.56850432
1869,70,H,F,P,6.585418042
1870,70,H,F,C,3.639396893
1871,70,H,F,G,9.345215662
1872,70,H,F,A,6.012612931
1873,70,H,F,V,1.202650626
1874,70,H,F,I,1.138570469
1875,70,H,F,L,0.833509512
1876,70,H,F,M,5.042874365
1877,70,H,F,F,-5.95e-07
1878,70,H,F,Y,1.71579661
1879,70,H,F,W,8.062820896
1880,71,H,T,R,4.529418089
1882,71,H,T,D,-0.327963528
1883,71,H,T,E,4.712916809
1884,71,H,T,H,2.594307533
1885,71,H,T,N,0.898999911
1887,71,H,T,S,-0.079139663
1888,71,H,T,T,-5.95e-07
1889,71,H,T,P,0.110447362
1890,71,H,T,C,8.093911483
1891,71,H,T,G,5.993850654
1892,71,H,T,A,2.202899669
1893,71,H,T,V,7.852749426
1894,71,H,T,I,2.014515201
1895,71,H,T,L,8.983313315
1896,71,H,T,M,7.460187723
1897,71,H,T,F,5.042874365
1899,71,H,T,W,5.73110753
1900,72,H,A,R,3.78540603
1901,72,H,A,K,5.491057202
1902,72,H,A,D,-2.93541026
1903,72,H,A,E,0.807837128
1904,72,H,A,H,4.934932964
1905,72,H,A,N,4.485132878
1906,72,H,A,Q,5.978583182
1907,72,H,A,S,-1.281984661
1908,72,H,A,T,1.701764029
1909,72,H,A,P,2.399936612
1910,72,H,A,C,2.313186673
1911,72,H,A,G,3.457684426
1912,72,H,A,A,-5.95e-07
1913,72,H,A,V,3.633544981
1914,72,H,A,I,6.204798933
1915,72,H,A,L,6.724588809
1916,72,H,A,M,8.740052621
1917,72,H,A,F,6.307965984
1918,72,H,A,Y,2.16403486
1919,72,H,A,W,5.997874805
1920,73,H,D,R,9.170166865
1921,73,H,D,K,3.367532351
1922,73,H,D,D,-5.95e-07
1923,73,H,D,E,0.878030684
1924,73,H,D,H,3.595711687
1925,73,H,D,N,-1.409831461
1926,73,H,D,Q,7.903393159
1927,73,H,D,S,5.624317556
1928,73,H,D,T,3.353483567
1929,73,H,D,P,6.705760111
1930,73,H,D,C,5.182920438
1931,73,H,D,G,3.544685731
1932,73,H,D,A,0.844729086
1933,73,H,D,V,3.188812622
1934,73,H,D,I,7.603288567
1935,73,H,D,L,6.69829739
1936,73,H,D,M,8.138806803
1937,73,H,D,F,6.36332216
1938,73,H,D,Y,1.655105368
1939,73,H,D,W,8.124064521
1940,74,H,T,R,5.009165975
1941,74,H,T,K,4.211992256
1942,74,H,T,D,4.144689669
1943,74,H,T,E,0.726257918
1944,74,H,T,H,4.791810751
1945,74,H,T,N,1.730690739
1946,74,H,T,Q,6.409366098
1947,74,H,T,S,1.415845491
1948,74,H,T,T,-5.95e-07
1949,74,H,T,P,1.023511731
1950,74,H,T,C,1.700844303
1951,74,H,T,G,2.468699428
1952,74,H,T,A,1.483973627
1953,74,H,T,V,1.050205612
1954,74,H,T,I,0.640029358
1955,74,H,T,L,0.68101983
1956,74,H,T,M,-2.057192159
1957,74,H,T,F,2.184198155
1958,74,H,T,Y,6.059132946
1959,74,H,T,W,6.32520779
1960,75,H,S,R,1.116737838
1961,75,H,S,K,2.813625271
1962,75,H,S,D,-0.780371112
1963,75,H,S,E,-0.372936577
1964,75,H,S,H,0.502977601
1965,75,H,S,N,0.198629914
1966,75,H,S,Q,-0.544064642
1967,75,H,S,S,-5.95e-07
1968,75,H,S,T,-0.264684335
1969,75,H,S,P,2.689745055
1970,75,H,S,C,2.484361278
1971,75,H,S,G,-0.14517024
1972,75,H,S,A,0.027445384
1973,75,H,S,V,0.93479421
1974,75,H,S,I,0.524915707
1975,75,H,S,L,0.972973086
1976,75,H,S,M,2.656208393
1977,75,H,S,F,1.372646027
1978,75,H,S,Y,0.35379284
1979,75,H,S,W,3.134005487
1980,76,H,S,R,0.09721405
1981,76,H,S,K,-0.953906283
1982,76,H,S,D,0.403150741
1983,76,H,S,E,-0.239788317
1984,76,H,S,H,0.264603664
1985,76,H,S,N,-0.940937783
1986,76,H,S,Q,0.454942823
1987,76,H,S,S,-5.95e-07
1988,76,H,S,T,0.438583554
1989,76,H,S,P,1.425629706
1990,76,H,S,C,1.25298061
1991,76,H,S,G,6.248742904
1992,76,H,S,A,-0.196601811
1993,76,H,S,V,-1.188374396
1994,76,H,S,I,-0.755273334
1995,76,H,S,L,-0.492743758
1997,76,H,S,F,1.785194928
1998,76,H,S,Y,0.347253954
1999,76,H,S,W,4.540864919
2000,80,H,Y,R,8.282153414
2002,80,H,Y,D,2.858825309
2003,80,H,Y,E,5.354740385
2004,80,H,Y,H,3.573442549
2006,80,H,Y,Q,7.458644416
2007,80,H,Y,S,3.720000613
2008,80,H,Y,T,5.379586383
2009,80,H,Y,P,7.77132779
2010,80,H,Y,C,1.985596733
2011,80,H,Y,G,7.043930687
2012,80,H,Y,A,5.690763284
2013,80,H,Y,V,6.138826264
2014,80,H,Y,I,7.007864111
2015,80,H,Y,L,8.509731563
2016,80,H,Y,M,7.780544446
2017,80,H,Y,F,0.944475934
2018,80,H,Y,Y,-2.13e-06
2019,80,H,Y,W,0.867486227
2020,94,H,Y,R,8.384175029
2021,94,H,Y,K,4.540773217
2022,94,H,Y,D,2.620361841
2023,94,H,Y,E,4.744861193
2024,94,H,Y,H,3.718805723
2025,94,H,Y,N,4.354654451
2026,94,H,Y,Q,5.623374262
2027,94,H,Y,S,2.275076552
2028,94,H,Y,T,5.027396574
2029,94,H,Y,P,8.812781665
2030,94,H,Y,C,2.311857292
2031,94,H,Y,G,9.374573733
2032,94,H,Y,A,8.117453459
2033,94,H,Y,V,8.520003113
2034,94,H,Y,I,6.69106464
2035,94,H,Y,L,8.691315384
2037,94,H,Y,F,3.137648947
2038,94,H,Y,Y,-2.13e-06
2039,94,H,Y,W,3.668584859
2040,96,H,C,R,4.293995473
2041,96,H,C,K,7.848517429
2042,96,H,C,D,6.761268899
2043,96,H,C,E,7.585295654
2044,96,H,C,H,8.248251863
2045,96,H,C,N,5.608846162
2046,96,H,C,Q,7.592703096
2047,96,H,C,S,4.204202662
2048,96,H,C,T,8.613320599
2049,96,H,C,P,6.644544625
2050,96,H,C,C,-2.13e-06
2051,96,H,C,G,3.066020555
2052,96,H,C,A,5.670331245
2053,96,H,C,V,6.002863884
2054,96,H,C,I,7.242857703
2055,96,H,C,L,5.681075333
2056,96,H,C,M,7.746326488
2057,96,H,C,F,2.853519276
2058,96,H,C,Y,3.153048035
2059,96,H,C,W,4.103763956
2060,98,H,R,R,-2.13e-06
2061,98,H,R,K,8.267227764
2062,98,H,R,D,7.65006649
2063,98,H,R,E,7.862702064
2064,98,H,R,H,2.165242959
2066,98,H,R,Q,7.97703628
2067,98,H,R,S,2.201669517
2068,98,H,R,T,5.584153549
2069,98,H,R,P,4.719354955
2070,98,H,R,C,3.570585515
2071,98,H,R,G,5.49099428
2072,98,H,R,A,8.617302024
2073,98,H,R,V,6.442815168
2074,98,H,R,I,7.084334475
2075,98,H,R,L,5.010822958
2076,98,H,R,M,8.07962915
2077,98,H,R,F,6.891134103
2078,98,H,R,Y,5.172418828
2079,98,H,R,W,6.373746628
2080,99,H,G,R,5.245523248
2081,99,H,G,K,8.439473669
2082,99,H,G,D,3.742464378
2083,99,H,G,E,8.248251863
2084,99,H,G,H,8.128311329
2085,99,H,G,N,8.481307809
2086,99,H,G,Q,7.834128692
2087,99,H,G,S,4.901500562
2088,99,H,G,T,8.990918735
2089,99,H,G,P,5.782504483
2090,99,H,G,C,3.397579227
2091,99,H,G,G,-2.13e-06
2092,99,H,G,A,5.046748287
2093,99,H,G,V,4.380180745
2094,99,H,G,I,5.252171218
2095,99,H,G,L,9.405157156
2096,99,H,G,M,8.021269535
2097,99,H,G,F,6.301993342
2098,99,H,G,Y,8.426734643
2099,99,H,G,W,6.065035296
2100,101,H,G,R,4.444719266
2101,101,H,G,K,7.859881188
2102,101,H,G,D,2.90840056
2103,101,H,G,E,7.828314722
2104,101,H,G,H,6.342620196
2105,101,H,G,N,9.317049889
2106,101,H,G,Q,7.851370498
2107,101,H,G,S,4.691611715
2108,101,H,G,T,6.852508612
2109,101,H,G,P,6.232334129
2110,101,H,G,C,3.662365318
2111,101,H,G,G,-2.13e-06
2112,101,H,G,A,4.29755534
2113,101,H,G,V,5.533878412
2114,101,H,G,I,8.156002129
2115,101,H,G,L,6.963039584
2116,101,H,G,M,8.269105699
2117,101,H,G,F,6.814524827
2118,101,H,G,Y,5.364426773
2119,101,H,G,W,5.494881554
2120,102,H,N,R,3.756573188
2121,102,H,N,K,2.085768359
2122,102,H,N,D,1.921761053
2123,102,H,N,E,3.03496174
2124,102,H,N,H,-2.478647829
2125,102,H,N,N,-2.13e-06
2126,102,H,N,Q,3.715652369
2127,102,H,N,S,-0.185736799
2128,102,H,N,T,2.39774
2129,102,H,N,P,2.498155217
2130,102,H,N,C,2.000501711
2131,102,H,N,G,3.674631287
2132,102,H,N,A,-0.043906737
2133,102,H,N,V,3.579907823
2134,102,H,N,I,0.55381056
2135,102,H,N,L,3.536078415
2136,102,H,N,M,4.584416506
2137,102,H,N,F,-3.308402289
2138,102,H,N,Y,-3.515059908
2139,102,H,N,W,-2.064236581
2140,103,H,Y,R,8.883225916
2141,103,H,Y,K,7.936004883
2142,103,H,Y,D,4.104340196
2143,103,H,Y,E,8.023670496
2144,103,H,Y,H,3.72518533
2145,103,H,Y,N,4.697695068
2146,103,H,Y,Q,7.07198864
2147,103,H,Y,S,2.43565164
2148,103,H,Y,T,6.082545046
2149,103,H,Y,P,6.841193074
2150,103,H,Y,C,4.648575902
2151,103,H,Y,G,5.60741742
2152,103,H,Y,A,5.725983744
2153,103,H,Y,V,6.767413312
2154,103,H,Y,I,5.832964847
2155,103,H,Y,L,6.106642597
2156,103,H,Y,M,4.940023264
2157,103,H,Y,F,4.45969018
2158,103,H,Y,Y,-2.13e-06
2159,103,H,Y,W,8.090903227
2160,104,H,G,R,-3.37720076
2161,104,H,G,K,-3.96418876
2162,104,H,G,D,0.1773186
2163,104,H,G,E,-4.100742618
2164,104,H,G,H,-2.816640613
2165,104,H,G,N,-2.494602637
2166,104,H,G,Q,-3.353617076
2167,104,H,G,S,1.179728884
2168,104,H,G,T,1.666712434
2169,104,H,G,P,1.444282027
2170,104,H,G,C,-0.91113956
2171,104,H,G,G,-2.13e-06
2172,104,H,G,A,-3.506456583
2173,104,H,G,V,-2.913939149
2174,104,H,G,I,-2.892786962
2175,104,H,G,L,-3.569868557
2176,104,H,G,M,-3.666078895
2177,104,H,G,F,-1.251889422
2178,104,H,G,Y,-1.868925856
2179,104,H,G,W,1.067129722
2180,105,H,Y,R,8.555849245
2181,105,H,Y,K,5.220310116
2182,105,H,Y,D,3.001653413
2183,105,H,Y,E,7.278851305
2184,105,H,Y,H,4.428635507
2185,105,H,Y,N,5.036972385
2186,105,H,Y,Q,7.313594254
2187,105,H,Y,S,2.79816802
2188,105,H,Y,T,8.951880321
2189,105,H,Y,P,7.280686168
2190,105,H,Y,C,4.362954005
2191,105,H,Y,G,8.927898356
2192,105,H,Y,A,9.11425706
2193,105,H,Y,V,6.041126214
2194,105,H,Y,I,5.811289122
2195,105,H,Y,L,6.26961886
2196,105,H,Y,M,7.930755527
2197,105,H,Y,F,0.613273931
2198,105,H,Y,Y,-2.13e-06
2199,105,H,Y,W,8.108681473
2200,106,H,W,R,3.632061541
2201,106,H,W,K,5.136377243
2202,106,H,W,D,7.471223198
2203,106,H,W,E,5.566498614
2204,106,H,W,H,7.205520032
2205,106,H,W,N,8.341469991
2206,106,H,W,Q,8.309552388
2207,106,H,W,S,5.38685149
2208,106,H,W,T,8.634374008
2209,106,H,W,P,6.313138897
2210,106,H,W,C,2.797675715
2211,106,H,W,G,2.570682451
2212,106,H,W,A,6.522205773
2213,106,H,W,V,5.695993031
2214,106,H,W,I,7.253274464
2215,106,H,W,L,5.580910591
2216,106,H,W,M,8.60664946
2217,106,H,W,F,5.741157298
2218,106,H,W,Y,8.29320325
2219,106,H,W,W,-2.13e-06
2220,107,H,G,R,4.014867249
2221,107,H,G,K,4.479451326
2222,107,H,G,D,1.955798159
2223,107,H,G,E,4.823797619
2224,107,H,G,H,8.746353197
2225,107,H,G,N,5.413760563
2226,107,H,G,Q,5.745421697
2227,107,H,G,S,3.663491761
2228,107,H,G,T,5.576787778
2229,107,H,G,P,7.0579899
2230,107,H,G,C,3.483574138
2231,107,H,G,G,-2.13e-06
2232,107,H,G,A,3.975369873
2233,107,H,G,V,4.274678856
2234,107,H,G,I,5.146571011
2235,107,H,G,L,7.641477285
2236,107,H,G,M,8.174733166
2237,107,H,G,F,8.817129498
2238,107,H,G,Y,7.697694539
2239,107,H,G,W,5.656474211
2240,108,H,Q,R,3.911406372
2241,108,H,Q,K,0.661887405
2242,108,H,Q,D,4.348474213
2243,108,H,Q,E,1.164655983
2244,108,H,Q,H,3.287775208
2245,108,H,Q,N,0.885943332
2246,108,H,Q,Q,-2.13e-06
2247,108,H,Q,S,7.088786347
2248,108,H,Q,T,4.623342371
2249,108,H,Q,P,3.022177021
2250,108,H,Q,C,5.422488145
2251,108,H,Q,G,2.75837154
2252,108,H,Q,A,5.233946576
2253,108,H,Q,V,6.506426353
2254,108,H,Q,I,5.459157059
2255,108,H,Q,L,3.62391864
2256,108,H,Q,M,0.333630246
2257,108,H,Q,F,9.160703818
2258,108,H,Q,Y,6.068121719
2259,108,H,Q,W,8.407316557
2260,109,H,G,R,3.64410646
2261,109,H,G,K,7.996937434
2262,109,H,G,D,3.173015235
2263,109,H,G,E,5.516944799
2264,109,H,G,H,7.717432022
2266,109,H,G,Q,7.475381208
2267,109,H,G,S,3.780965384
2268,109,H,G,T,6.434304478
2269,109,H,G,P,8.063628809
2270,109,H,G,C,2.66789999
2271,109,H,G,G,-2.13e-06
2272,109,H,G,A,4.412044703
2273,109,H,G,V,3.186415921
2274,109,H,G,I,8.084154045
2275,109,H,G,L,9.276090823
2276,109,H,G,M,7.83702305
2277,109,H,G,F,5.373432518
2278,109,H,G,Y,7.04683008
2279,109,H,G,W,4.589901276
2280,110,H,T,R,2.211255637
2284,110,H,T,H,-3.068763751
2285,110,H,T,N,0.130494743
2287,110,H,T,S,0.275914887
2288,110,H,T,T,-2.13e-06
2289,110,H,T,P,0.483548296
2291,110,H,T,G,7.149639574
2292,110,H,T,A,-2.068510845
2295,110,H,T,L,3.188657357
